{"data": [
  {"id": 67, "value": "rVxYGeaC"},
  {"id": 726, "value": "wql0pBKg"},
  {"id": 181, "value": "ENVd23Hk"},
  {"id": 579, "value": "PHLRYAlS"},
  {"id": 739, "value": "AZ5eXMTd"},
  {"id": 948, "value": "shwrCcNm"},
  {"id": 586, "value": "r1yQCEmh"},
  {"id": 234, "value": "tdcHuQZg"},
  {"id": 437, "value": "UTMjikXf"},
  {"id": 844, "value": "hYC7zwVb"},
  {"id": 892, "value": "8zjDXugy"},
  {"id": 863, "value": "nUPlLxT1"},
  {"id": 551, "value": "5NnTdHyj"},
  {"id": 783, "value": "5rgJOsfP"},
  {"id": 195, "value": "dl6BHyQr"},
  {"id": 377, "value": "yxwZbCO0"},
  {"id": 572, "value": "3jnqCnoT"},
  {"id": 998, "value": "gKFHtPe3"},
  {"id": 942, "value": "QK5gk4Rg"},
  {"id": 332, "value": "4k1qfvvJ"},
  {"id": 12, "value": "kjhZUJhj"},
  {"id": 478, "value": "hCcP81pa"},
  {"id": 742, "value": "MgFnqCTx"},
  {"id": 906, "value": "cVlqPCBh"},
  {"id": 933, "value": "UkfHyDf3"},
  {"id": 132, "value": "8euZgk2l"},
  {"id": 271, "value": "5YxgL9w4"},
  {"id": 128, "value": "ve9dLW1r"},
  {"id": 379, "value": "Fk9ZKWdJ"},
  {"id": 237, "value": "49sxi64K"},
  {"id": 720, "value": "t4qtLtOU"},
  {"id": 725, "value": "RMtUJGzS"},
  {"id": 763, "value": "ew99uPMn"},
  {"id": 107, "value": "XYid1KrV"},
  {"id": 440, "value": "BHPNdGRh"},
  {"id": 835, "value": "7qBt5QpW"},
  {"id": 127, "value": "WfWgXcXu"},
  {"id": 571, "value": "EYaeIOY7"},
  {"id": 697, "value": "kizmiZqy"},
  {"id": 375, "value": "3ngwr3CE"},
  {"id": 135, "value": "bHEo0rRi"},
  {"id": 138, "value": "wfqIxfMx"},
  {"id": 384, "value": "MYcjMKe6"},
  {"id": 977, "value": "fCdpa2F3"},
  {"id": 898, "value": "OuyZjCqP"},
  {"id": 9, "value": "fXiMY29o"},
  {"id": 343, "value": "vitWO95h"},
  {"id": 377, "value": "O8IKRSFZ"},
  {"id": 963, "value": "Zg7cV96R"},
  {"id": 309, "value": "U3oWZSnl"},
  {"id": 9999, "value": "END"}
]}
