Parameter,Value
Param_1,1
Param_2,753
Param_3,969
Param_4,660
Param_5,659
Param_6,70
Param_7,398
Param_8,142
Param_9,611
Param_10,990
Param_11,566
Param_12,300
Param_13,592
Param_14,36
Param_15,814
Param_16,182
Param_17,346
Param_18,590
Param_19,999
Param_20,141
Param_21,602
Param_22,90
Param_23,638
Param_24,55
Param_25,680
Param_26,507
Param_27,159
Param_28,300
Param_29,649
Param_30,680
Param_31,786
Param_32,361
Param_33,326
Param_34,978
Param_35,462
Param_36,652
Param_37,551
Param_38,522
Param_39,443
Param_40,922
Param_41,989
Param_42,867
Param_43,636
Param_44,460
Param_45,494
Param_46,994
Param_47,444
Param_48,401
Param_49,372
Param_50,822
Param_51,985
Param_52,535
Param_53,72
Param_54,461
Param_55,617
Param_56,783
Param_57,275
Param_58,10
Param_59,990
Param_60,929
Param_61,549
Param_62,553
Param_63,758
Param_64,974
Param_65,373
Param_66,466
Param_67,431
Param_68,657
Param_69,903
Param_70,38
Param_71,52
Param_72,150
Param_73,522
Param_74,964
Param_75,742
Param_76,988
Param_77,293
Param_78,917
Param_79,835
Param_80,957
Param_81,215
Param_82,541
Param_83,559
Param_84,280
Param_85,54
Param_86,465
Param_87,790
Param_88,843
Param_89,459
Param_90,13
Param_91,594
Param_92,908
Param_93,348
Param_94,561
Param_95,979
Param_96,537
Param_97,819
Param_98,696
Param_99,183
Param_100,211
