{"data": [
  {"id": 953, "value": "xbWfHPBa"},
  {"id": 309, "value": "clz0uMnw"},
  {"id": 711, "value": "eBor6Dyg"},
  {"id": 413, "value": "0cbw44xO"},
  {"id": 396, "value": "aUylz0Mi"},
  {"id": 328, "value": "6gb8QupK"},
  {"id": 744, "value": "wHvxppzC"},
  {"id": 723, "value": "xMZYL5pi"},
  {"id": 568, "value": "OkZuNhlg"},
  {"id": 828, "value": "UcDwoJ3C"},
  {"id": 807, "value": "Ulbz3kmm"},
  {"id": 695, "value": "QbpnS672"},
  {"id": 540, "value": "qbK36G4G"},
  {"id": 459, "value": "GrINSatZ"},
  {"id": 999, "value": "oPsSkeEG"},
  {"id": 731, "value": "xvHy8D9M"},
  {"id": 810, "value": "vQk3WEQY"},
  {"id": 701, "value": "dcN0afdW"},
  {"id": 630, "value": "g4Ec8p1j"},
  {"id": 336, "value": "OZoRYzVl"},
  {"id": 352, "value": "C7xxtBfK"},
  {"id": 390, "value": "PUK8ROsE"},
  {"id": 373, "value": "q0lyXoMA"},
  {"id": 89, "value": "JeACOTvN"},
  {"id": 297, "value": "HO0glaek"},
  {"id": 549, "value": "ruhtgj6h"},
  {"id": 291, "value": "hRSwBr0H"},
  {"id": 964, "value": "aicXVPoS"},
  {"id": 544, "value": "5ZF86Sn9"},
  {"id": 10, "value": "498XOmHT"},
  {"id": 71, "value": "5IfnZ8ex"},
  {"id": 334, "value": "dYuYauTS"},
  {"id": 928, "value": "VpujzFmN"},
  {"id": 752, "value": "asbcC1TF"},
  {"id": 797, "value": "m9XzEzWl"},
  {"id": 60, "value": "WpuYPNtK"},
  {"id": 275, "value": "5AqqITJy"},
  {"id": 758, "value": "G1UyEEBs"},
  {"id": 289, "value": "EALTVqk5"},
  {"id": 218, "value": "im7q63EE"},
  {"id": 533, "value": "jXGzLpZt"},
  {"id": 552, "value": "Vw3wFYYA"},
  {"id": 328, "value": "uANpYhig"},
  {"id": 641, "value": "UGGGQh6A"},
  {"id": 143, "value": "xESNOTDG"},
  {"id": 525, "value": "3rhMR1L4"},
  {"id": 446, "value": "UOu8mrbg"},
  {"id": 245, "value": "qv5UREdM"},
  {"id": 419, "value": "8bpDOmVg"},
  {"id": 680, "value": "zx0lQpXU"},
  {"id": 9999, "value": "END"}
]}
