Parameter,Value
Param_1,488
Param_2,955
Param_3,416
Param_4,88
Param_5,777
Param_6,789
Param_7,60
Param_8,268
Param_9,851
Param_10,237
Param_11,482
Param_12,121
Param_13,785
Param_14,924
Param_15,541
Param_16,968
Param_17,739
Param_18,717
Param_19,348
Param_20,527
Param_21,28
Param_22,436
Param_23,269
Param_24,358
Param_25,429
Param_26,573
Param_27,311
Param_28,678
Param_29,853
Param_30,186
Param_31,925
Param_32,862
Param_33,852
Param_34,54
Param_35,56
Param_36,621
Param_37,441
Param_38,348
Param_39,974
Param_40,325
Param_41,73
Param_42,400
Param_43,436
Param_44,546
Param_45,265
Param_46,928
Param_47,766
Param_48,789
Param_49,901
Param_50,373
Param_51,387
Param_52,597
Param_53,804
Param_54,832
Param_55,565
Param_56,908
Param_57,390
Param_58,759
Param_59,37
Param_60,270
Param_61,816
Param_62,87
Param_63,782
Param_64,757
Param_65,706
Param_66,99
Param_67,766
Param_68,852
Param_69,552
Param_70,146
Param_71,95
Param_72,268
Param_73,677
Param_74,309
Param_75,931
Param_76,392
Param_77,169
Param_78,840
Param_79,510
Param_80,297
Param_81,838
Param_82,887
Param_83,638
Param_84,70
Param_85,395
Param_86,172
Param_87,731
Param_88,112
Param_89,266
Param_90,387
Param_91,896
Param_92,417
Param_93,733
Param_94,422
Param_95,124
Param_96,492
Param_97,441
Param_98,75
Param_99,453
Param_100,673
