{"data": [
  {"id": 46, "value": "DxCFmDIL"},
  {"id": 88, "value": "FDTEhWLL"},
  {"id": 854, "value": "QguJMMPh"},
  {"id": 335, "value": "IGdjsAi5"},
  {"id": 537, "value": "eQtyYIQU"},
  {"id": 97, "value": "vIQWJqyT"},
  {"id": 180, "value": "NyisyyVG"},
  {"id": 927, "value": "dvEtZBK9"},
  {"id": 547, "value": "ooOFC6Dk"},
  {"id": 739, "value": "4F029hHB"},
  {"id": 242, "value": "TU11fEi7"},
  {"id": 788, "value": "LQcQYMjq"},
  {"id": 317, "value": "sx02FWR8"},
  {"id": 474, "value": "wcCYjjh4"},
  {"id": 644, "value": "2PRxh89o"},
  {"id": 464, "value": "Q68Naksj"},
  {"id": 167, "value": "vjuUZfUX"},
  {"id": 705, "value": "Z0myryVV"},
  {"id": 993, "value": "xIoZqcbG"},
  {"id": 4, "value": "za1wggk0"},
  {"id": 902, "value": "PclT55aS"},
  {"id": 276, "value": "tyaFVbgc"},
  {"id": 403, "value": "6lPGQWVB"},
  {"id": 88, "value": "xZWxgx8e"},
  {"id": 341, "value": "C7CAMUyE"},
  {"id": 338, "value": "tROZyTZs"},
  {"id": 566, "value": "MyZOmzu9"},
  {"id": 5, "value": "KDRo9rkw"},
  {"id": 646, "value": "GPr6RCMN"},
  {"id": 727, "value": "7AvXGv1O"},
  {"id": 987, "value": "op5Osaoa"},
  {"id": 72, "value": "aT3RLhY0"},
  {"id": 863, "value": "Mv1Gkdrl"},
  {"id": 171, "value": "t4kVnhtJ"},
  {"id": 426, "value": "RPJGuymC"},
  {"id": 751, "value": "ABz50pKt"},
  {"id": 231, "value": "UdbzCYcc"},
  {"id": 11, "value": "JwfcA25n"},
  {"id": 199, "value": "lnIEO1HS"},
  {"id": 854, "value": "iexxBuMu"},
  {"id": 452, "value": "Eb7UtgsX"},
  {"id": 359, "value": "WU0Imxfr"},
  {"id": 608, "value": "4WGJbiz5"},
  {"id": 437, "value": "mVLiCvmz"},
  {"id": 86, "value": "9lIKBCzq"},
  {"id": 764, "value": "9a8BR2iC"},
  {"id": 647, "value": "I2sHpTRo"},
  {"id": 118, "value": "2QiReOHN"},
  {"id": 157, "value": "cZ7YaPPd"},
  {"id": 627, "value": "rIAOGJ6K"},
  {"id": 9999, "value": "END"}
]}
