Parameter,Value
Param_1,13
Param_2,899
Param_3,135
Param_4,213
Param_5,48
Param_6,754
Param_7,854
Param_8,848
Param_9,134
Param_10,156
Param_11,676
Param_12,692
Param_13,369
Param_14,286
Param_15,411
Param_16,595
Param_17,694
Param_18,649
Param_19,896
Param_20,548
Param_21,455
Param_22,898
Param_23,123
Param_24,716
Param_25,826
Param_26,825
Param_27,70
Param_28,790
Param_29,51
Param_30,412
Param_31,483
Param_32,624
Param_33,773
Param_34,664
Param_35,937
Param_36,253
Param_37,658
Param_38,486
Param_39,50
Param_40,780
Param_41,398
Param_42,98
Param_43,466
Param_44,360
Param_45,370
Param_46,208
Param_47,53
Param_48,506
Param_49,312
Param_50,453
Param_51,400
Param_52,933
Param_53,239
Param_54,177
Param_55,24
Param_56,862
Param_57,149
Param_58,563
Param_59,901
Param_60,145
Param_61,379
Param_62,595
Param_63,531
Param_64,696
Param_65,727
Param_66,292
Param_67,498
Param_68,883
Param_69,493
Param_70,103
Param_71,481
Param_72,182
Param_73,275
Param_74,820
Param_75,733
Param_76,257
Param_77,661
Param_78,202
Param_79,382
Param_80,629
Param_81,866
Param_82,211
Param_83,623
Param_84,60
Param_85,839
Param_86,856
Param_87,197
Param_88,422
Param_89,934
Param_90,941
Param_91,33
Param_92,765
Param_93,90
Param_94,894
Param_95,756
Param_96,704
Param_97,696
Param_98,174
Param_99,658
Param_100,192
