{"data": [
  {"id": 566, "value": "oiCrB8Ts"},
  {"id": 432, "value": "ALLgECuN"},
  {"id": 835, "value": "rC206idE"},
  {"id": 25, "value": "fdFHUUf5"},
  {"id": 93, "value": "A8gSftqc"},
  {"id": 663, "value": "9TpTRZpN"},
  {"id": 302, "value": "iP3Xr5lJ"},
  {"id": 311, "value": "bG7ZqaOU"},
  {"id": 864, "value": "3ocKDI0o"},
  {"id": 168, "value": "M7vJlqxd"},
  {"id": 199, "value": "rJdLHp8J"},
  {"id": 921, "value": "n5LnDMcQ"},
  {"id": 384, "value": "NDrPwZjG"},
  {"id": 200, "value": "k8A0iUbS"},
  {"id": 47, "value": "zTKl74XL"},
  {"id": 767, "value": "bw6Nk26V"},
  {"id": 505, "value": "A5yfAqmD"},
  {"id": 230, "value": "aJLquznK"},
  {"id": 970, "value": "BPrQ5WXB"},
  {"id": 449, "value": "2krdCy10"},
  {"id": 205, "value": "cu0CLX1v"},
  {"id": 943, "value": "sweV6MrM"},
  {"id": 319, "value": "uHsKgxrY"},
  {"id": 611, "value": "1QAOEeN5"},
  {"id": 994, "value": "TXX0HKEy"},
  {"id": 629, "value": "kjQpha4d"},
  {"id": 179, "value": "oD5gxgNI"},
  {"id": 345, "value": "1OpDU4Ng"},
  {"id": 618, "value": "PBZY2ci7"},
  {"id": 215, "value": "aola3net"},
  {"id": 103, "value": "7u66AsN2"},
  {"id": 694, "value": "BcucqMvS"},
  {"id": 336, "value": "fcAdbcuW"},
  {"id": 281, "value": "yZjejM47"},
  {"id": 864, "value": "B4kwG6Ns"},
  {"id": 441, "value": "ISAFmm3e"},
  {"id": 91, "value": "2cEAq6s5"},
  {"id": 546, "value": "yP14dD7a"},
  {"id": 648, "value": "lUBNHjIK"},
  {"id": 160, "value": "ZN7dxJ2a"},
  {"id": 387, "value": "1QIGo1h9"},
  {"id": 632, "value": "v5kRhUS2"},
  {"id": 464, "value": "5aDZ6MWf"},
  {"id": 203, "value": "5to3HgDm"},
  {"id": 302, "value": "kdLE6QoK"},
  {"id": 63, "value": "HO8v9IA6"},
  {"id": 735, "value": "zxQH7XiP"},
  {"id": 780, "value": "PXgSCgm0"},
  {"id": 767, "value": "dER3Qk1k"},
  {"id": 347, "value": "7qFrYsqx"},
  {"id": 9999, "value": "END"}
]}
