Parameter,Value
Param_1,739
Param_2,704
Param_3,804
Param_4,543
Param_5,656
Param_6,78
Param_7,457
Param_8,590
Param_9,977
Param_10,202
Param_11,521
Param_12,570
Param_13,432
Param_14,793
Param_15,609
Param_16,523
Param_17,921
Param_18,142
Param_19,351
Param_20,498
Param_21,577
Param_22,98
Param_23,667
Param_24,348
Param_25,83
Param_26,800
Param_27,527
Param_28,552
Param_29,228
Param_30,411
Param_31,417
Param_32,567
Param_33,207
Param_34,813
Param_35,409
Param_36,441
Param_37,308
Param_38,122
Param_39,306
Param_40,95
Param_41,975
Param_42,981
Param_43,966
Param_44,191
Param_45,425
Param_46,483
Param_47,585
Param_48,330
Param_49,311
Param_50,222
Param_51,87
Param_52,930
Param_53,796
Param_54,270
Param_55,785
Param_56,634
Param_57,531
Param_58,258
Param_59,11
Param_60,242
Param_61,456
Param_62,929
Param_63,898
Param_64,93
Param_65,619
Param_66,772
Param_67,976
Param_68,56
Param_69,723
Param_70,247
Param_71,912
Param_72,508
Param_73,997
Param_74,925
Param_75,794
Param_76,964
Param_77,858
Param_78,41
Param_79,308
Param_80,391
Param_81,467
Param_82,952
Param_83,172
Param_84,974
Param_85,868
Param_86,962
Param_87,255
Param_88,257
Param_89,33
Param_90,462
Param_91,171
Param_92,783
Param_93,212
Param_94,884
Param_95,69
Param_96,121
Param_97,901
Param_98,181
Param_99,732
Param_100,430
