{"data": [
  {"id": 315, "value": "ALBg3KdL"},
  {"id": 190, "value": "xwF9HVy8"},
  {"id": 797, "value": "rOtrdC3V"},
  {"id": 712, "value": "2DUiZQdm"},
  {"id": 23, "value": "LNAsxuh8"},
  {"id": 832, "value": "UoedLgou"},
  {"id": 323, "value": "pkbBOh5e"},
  {"id": 218, "value": "pbWP591B"},
  {"id": 616, "value": "AabN2rJa"},
  {"id": 945, "value": "JGT5KjAK"},
  {"id": 981, "value": "AqNh5Vti"},
  {"id": 891, "value": "t4gxssy7"},
  {"id": 178, "value": "9fzl891e"},
  {"id": 967, "value": "9sMFcv8l"},
  {"id": 934, "value": "NJ7B1WUn"},
  {"id": 370, "value": "XYMTEn3a"},
  {"id": 807, "value": "n3jS0ZzR"},
  {"id": 627, "value": "3lqAtepv"},
  {"id": 605, "value": "BqZAfdlP"},
  {"id": 83, "value": "Lqmw1vBC"},
  {"id": 554, "value": "wE2BVgbJ"},
  {"id": 666, "value": "BtXWr4WP"},
  {"id": 694, "value": "Fkfftw9i"},
  {"id": 970, "value": "R2MpwGBf"},
  {"id": 229, "value": "xHKyGlDq"},
  {"id": 82, "value": "qv6Mzz8G"},
  {"id": 365, "value": "ZCEJ2dc4"},
  {"id": 605, "value": "Uk3gEpqC"},
  {"id": 634, "value": "VhT6FSzZ"},
  {"id": 502, "value": "AAQthVcy"},
  {"id": 701, "value": "MaHOIHie"},
  {"id": 621, "value": "XYvODY4p"},
  {"id": 915, "value": "qQWIM14g"},
  {"id": 521, "value": "8krTrIzS"},
  {"id": 651, "value": "r3hCjWnN"},
  {"id": 613, "value": "vg48mWcc"},
  {"id": 336, "value": "2kyJib4s"},
  {"id": 458, "value": "Zhu6r8uR"},
  {"id": 582, "value": "ZXe1aCNr"},
  {"id": 842, "value": "kvkzB09H"},
  {"id": 24, "value": "KWkylu3W"},
  {"id": 793, "value": "AOOiFj7e"},
  {"id": 719, "value": "4es8AaFn"},
  {"id": 806, "value": "DD2eYdXP"},
  {"id": 150, "value": "o1O2m7o0"},
  {"id": 382, "value": "wDb9RZa7"},
  {"id": 157, "value": "3vbhiX7N"},
  {"id": 925, "value": "j3AspaLA"},
  {"id": 790, "value": "4k2ilHxd"},
  {"id": 35, "value": "YNa4c5qA"},
  {"id": 9999, "value": "END"}
]}
