Parameter,Value
Param_1,4
Param_2,722
Param_3,715
Param_4,940
Param_5,995
Param_6,886
Param_7,851
Param_8,472
Param_9,33
Param_10,726
Param_11,414
Param_12,110
Param_13,392
Param_14,11
Param_15,500
Param_16,18
Param_17,843
Param_18,197
Param_19,704
Param_20,715
Param_21,840
Param_22,280
Param_23,337
Param_24,296
Param_25,617
Param_26,682
Param_27,428
Param_28,705
Param_29,710
Param_30,50
Param_31,992
Param_32,540
Param_33,533
Param_34,235
Param_35,596
Param_36,510
Param_37,525
Param_38,417
Param_39,638
Param_40,10
Param_41,113
Param_42,271
Param_43,768
Param_44,62
Param_45,870
Param_46,814
Param_47,463
Param_48,474
Param_49,153
Param_50,456
Param_51,311
Param_52,915
Param_53,300
Param_54,116
Param_55,629
Param_56,33
Param_57,379
Param_58,47
Param_59,53
Param_60,561
Param_61,402
Param_62,911
Param_63,767
Param_64,646
Param_65,395
Param_66,648
Param_67,823
Param_68,397
Param_69,956
Param_70,326
Param_71,411
Param_72,55
Param_73,499
Param_74,604
Param_75,751
Param_76,901
Param_77,204
Param_78,645
Param_79,349
Param_80,749
Param_81,832
Param_82,857
Param_83,360
Param_84,931
Param_85,733
Param_86,835
Param_87,238
Param_88,844
Param_89,166
Param_90,171
Param_91,770
Param_92,581
Param_93,548
Param_94,139
Param_95,40
Param_96,927
Param_97,960
Param_98,112
Param_99,911
Param_100,968
