{"data": [
  {"id": 756, "value": "xlqm5Zv6"},
  {"id": 260, "value": "deJFhRto"},
  {"id": 719, "value": "7O7NGQWJ"},
  {"id": 83, "value": "iiIt4NNf"},
  {"id": 512, "value": "cnl5JDxh"},
  {"id": 942, "value": "YznajOfp"},
  {"id": 679, "value": "anFFMWIr"},
  {"id": 302, "value": "QURUfHfN"},
  {"id": 184, "value": "cuz5Vh7u"},
  {"id": 648, "value": "6Fojf0W1"},
  {"id": 857, "value": "ZregGNgx"},
  {"id": 332, "value": "JQnGSKH6"},
  {"id": 323, "value": "52umOoty"},
  {"id": 40, "value": "pZbVOxhH"},
  {"id": 887, "value": "c2tbxf5l"},
  {"id": 299, "value": "IZtTZKYU"},
  {"id": 860, "value": "0REFDu69"},
  {"id": 463, "value": "39YdSwMw"},
  {"id": 507, "value": "XllUzFyc"},
  {"id": 7, "value": "eW5wp65u"},
  {"id": 600, "value": "obsDXSJm"},
  {"id": 601, "value": "wVyP6dYA"},
  {"id": 879, "value": "LjvijGaL"},
  {"id": 456, "value": "5mxC32x5"},
  {"id": 958, "value": "VlNgCKGQ"},
  {"id": 272, "value": "aUhrZaho"},
  {"id": 990, "value": "y0UJca01"},
  {"id": 13, "value": "sx94rgHt"},
  {"id": 668, "value": "8k0EsMAy"},
  {"id": 290, "value": "oZZdX4YD"},
  {"id": 354, "value": "GnUwjHn0"},
  {"id": 340, "value": "dkwGfKnO"},
  {"id": 325, "value": "uD3x2kZW"},
  {"id": 116, "value": "cahxvKl0"},
  {"id": 653, "value": "o6Z5RRb7"},
  {"id": 769, "value": "yLGxtYan"},
  {"id": 570, "value": "AGBn6vSz"},
  {"id": 467, "value": "oeOat3tH"},
  {"id": 853, "value": "0bMjO3ok"},
  {"id": 797, "value": "unNB4Xry"},
  {"id": 339, "value": "65OyZXav"},
  {"id": 442, "value": "9321pIHG"},
  {"id": 637, "value": "yWmZr0Zg"},
  {"id": 921, "value": "9VST6OEK"},
  {"id": 743, "value": "Hk8QAILA"},
  {"id": 140, "value": "W72ONTf6"},
  {"id": 705, "value": "xtnaZ61e"},
  {"id": 717, "value": "SbXvsV26"},
  {"id": 5, "value": "jRS4ScT2"},
  {"id": 562, "value": "jbrvX2ks"},
  {"id": 9999, "value": "END"}
]}
