Parameter,Value
Param_1,49
Param_2,838
Param_3,559
Param_4,559
Param_5,407
Param_6,415
Param_7,222
Param_8,667
Param_9,795
Param_10,404
Param_11,695
Param_12,636
Param_13,701
Param_14,165
Param_15,416
Param_16,415
Param_17,249
Param_18,989
Param_19,493
Param_20,107
Param_21,391
Param_22,302
Param_23,181
Param_24,440
Param_25,962
Param_26,256
Param_27,19
Param_28,477
Param_29,286
Param_30,142
Param_31,443
Param_32,596
Param_33,148
Param_34,711
Param_35,381
Param_36,840
Param_37,59
Param_38,559
Param_39,184
Param_40,132
Param_41,468
Param_42,267
Param_43,143
Param_44,341
Param_45,361
Param_46,769
Param_47,80
Param_48,816
Param_49,352
Param_50,910
Param_51,351
Param_52,91
Param_53,135
Param_54,77
Param_55,993
Param_56,300
Param_57,59
Param_58,556
Param_59,523
Param_60,128
Param_61,512
Param_62,414
Param_63,979
Param_64,156
Param_65,826
Param_66,82
Param_67,182
Param_68,143
Param_69,736
Param_70,244
Param_71,820
Param_72,651
Param_73,215
Param_74,952
Param_75,24
Param_76,841
Param_77,549
Param_78,285
Param_79,759
Param_80,167
Param_81,198
Param_82,854
Param_83,380
Param_84,647
Param_85,437
Param_86,291
Param_87,70
Param_88,802
Param_89,50
Param_90,715
Param_91,870
Param_92,520
Param_93,134
Param_94,335
Param_95,192
Param_96,654
Param_97,641
Param_98,367
Param_99,835
Param_100,347
