{"data": [
  {"id": 686, "value": "WWkdYfVj"},
  {"id": 241, "value": "t766sJfQ"},
  {"id": 533, "value": "35Q9z1YG"},
  {"id": 814, "value": "1kjDrhU0"},
  {"id": 185, "value": "apG3GP49"},
  {"id": 409, "value": "cGXw5cIP"},
  {"id": 882, "value": "JHyDyviR"},
  {"id": 796, "value": "yPnlsoRc"},
  {"id": 873, "value": "AucQl0Yl"},
  {"id": 60, "value": "QwjAOInr"},
  {"id": 784, "value": "U00WrCwJ"},
  {"id": 979, "value": "2tmEedYN"},
  {"id": 69, "value": "NId4Gj2H"},
  {"id": 729, "value": "v1Nt1rN0"},
  {"id": 794, "value": "nuD5T9mc"},
  {"id": 426, "value": "ubx4UQCR"},
  {"id": 727, "value": "vWq75dYE"},
  {"id": 169, "value": "LHyCHk9e"},
  {"id": 748, "value": "Ej8BpE9E"},
  {"id": 103, "value": "lfQXmnd6"},
  {"id": 868, "value": "zK4nnQyr"},
  {"id": 687, "value": "mJI4IpZ7"},
  {"id": 542, "value": "XERwwvAs"},
  {"id": 975, "value": "LoEbsg2E"},
  {"id": 111, "value": "sjaZv4Q7"},
  {"id": 388, "value": "8pA0A5y4"},
  {"id": 202, "value": "s3jyH5Bv"},
  {"id": 568, "value": "w0UePa7s"},
  {"id": 488, "value": "6o5I35Ok"},
  {"id": 402, "value": "VDfgpFpb"},
  {"id": 303, "value": "JbWaPXJv"},
  {"id": 191, "value": "ZjQwzvZu"},
  {"id": 330, "value": "46deqKNz"},
  {"id": 907, "value": "pq8av6Nt"},
  {"id": 843, "value": "kwL1T0qu"},
  {"id": 674, "value": "GhNybjND"},
  {"id": 280, "value": "Gm9pjjWc"},
  {"id": 627, "value": "y0skYK72"},
  {"id": 114, "value": "UyqF9la8"},
  {"id": 250, "value": "asppgSg8"},
  {"id": 792, "value": "VUGJYOQh"},
  {"id": 481, "value": "MYb2lGml"},
  {"id": 231, "value": "oIqGGR4v"},
  {"id": 41, "value": "8YqwFC2D"},
  {"id": 824, "value": "ctJ3pFKY"},
  {"id": 446, "value": "9zbjNWoa"},
  {"id": 423, "value": "E548AnFl"},
  {"id": 654, "value": "8B46uczy"},
  {"id": 937, "value": "PIBiptcz"},
  {"id": 676, "value": "uYJXyxzs"},
  {"id": 9999, "value": "END"}
]}
