{"data": [
  {"id": 938, "value": "AAuCyQT9"},
  {"id": 171, "value": "du09zzLA"},
  {"id": 968, "value": "c4SAXJME"},
  {"id": 812, "value": "aUteolYM"},
  {"id": 291, "value": "bgGlsHUj"},
  {"id": 863, "value": "CJLkoz9M"},
  {"id": 118, "value": "WUXfBxZM"},
  {"id": 623, "value": "jgnLPTlV"},
  {"id": 281, "value": "g08fdrpS"},
  {"id": 652, "value": "GRZkqudr"},
  {"id": 450, "value": "yofZugkO"},
  {"id": 743, "value": "iaAJKR07"},
  {"id": 549, "value": "511C23Th"},
  {"id": 259, "value": "u7UROtVr"},
  {"id": 391, "value": "g4wue8zm"},
  {"id": 220, "value": "7MofOvSc"},
  {"id": 621, "value": "UOw4nvqf"},
  {"id": 709, "value": "RTSSAckh"},
  {"id": 215, "value": "b3qWPdEQ"},
  {"id": 444, "value": "Y7Ip6l8B"},
  {"id": 793, "value": "FcvuCHiR"},
  {"id": 199, "value": "7kXctNfK"},
  {"id": 122, "value": "MbDC5mKo"},
  {"id": 953, "value": "V2wP4KL0"},
  {"id": 942, "value": "A38vcLx2"},
  {"id": 227, "value": "ImhBA46j"},
  {"id": 851, "value": "Pdh98IFf"},
  {"id": 201, "value": "5ph9mxuD"},
  {"id": 919, "value": "WEJqtpIQ"},
  {"id": 254, "value": "riJifKxq"},
  {"id": 172, "value": "ki0uOGiZ"},
  {"id": 832, "value": "4LmUqq97"},
  {"id": 115, "value": "LrYfRvKW"},
  {"id": 931, "value": "Bi0ReSNN"},
  {"id": 476, "value": "fLPOoKM7"},
  {"id": 311, "value": "wP5z4Uya"},
  {"id": 545, "value": "YhfkxXep"},
  {"id": 733, "value": "XhZC4EtL"},
  {"id": 730, "value": "ID3zwe5I"},
  {"id": 458, "value": "df0ZuX0x"},
  {"id": 825, "value": "JqnWtcio"},
  {"id": 277, "value": "o76tjkQ8"},
  {"id": 224, "value": "AR1qixGZ"},
  {"id": 440, "value": "qu931OAT"},
  {"id": 192, "value": "gqFD37W3"},
  {"id": 73, "value": "Ji3BFcEK"},
  {"id": 449, "value": "3OWeXmm3"},
  {"id": 563, "value": "VqdkKwo9"},
  {"id": 765, "value": "foPDCD42"},
  {"id": 706, "value": "SKR3cr96"},
  {"id": 9999, "value": "END"}
]}
