Parameter,Value
Param_1,468
Param_2,998
Param_3,817
Param_4,282
Param_5,165
Param_6,471
Param_7,742
Param_8,176
Param_9,19
Param_10,125
Param_11,622
Param_12,300
Param_13,391
Param_14,846
Param_15,706
Param_16,889
Param_17,14
Param_18,606
Param_19,658
Param_20,456
Param_21,380
Param_22,843
Param_23,524
Param_24,647
Param_25,822
Param_26,663
Param_27,617
Param_28,239
Param_29,419
Param_30,177
Param_31,58
Param_32,418
Param_33,98
Param_34,915
Param_35,268
Param_36,767
Param_37,710
Param_38,202
Param_39,263
Param_40,334
Param_41,844
Param_42,864
Param_43,877
Param_44,745
Param_45,689
Param_46,802
Param_47,347
Param_48,879
Param_49,113
Param_50,495
Param_51,591
Param_52,552
Param_53,910
Param_54,694
Param_55,255
Param_56,446
Param_57,828
Param_58,278
Param_59,145
Param_60,177
Param_61,550
Param_62,381
Param_63,239
Param_64,23
Param_65,941
Param_66,976
Param_67,309
Param_68,799
Param_69,696
Param_70,508
Param_71,420
Param_72,643
Param_73,303
Param_74,351
Param_75,75
Param_76,412
Param_77,86
Param_78,964
Param_79,510
Param_80,238
Param_81,339
Param_82,869
Param_83,58
Param_84,500
Param_85,841
Param_86,598
Param_87,13
Param_88,249
Param_89,384
Param_90,985
Param_91,408
Param_92,238
Param_93,834
Param_94,25
Param_95,914
Param_96,842
Param_97,62
Param_98,467
Param_99,340
Param_100,254
