{"data": [
  {"id": 618, "value": "bXFLdOdP"},
  {"id": 390, "value": "IV6uBc7h"},
  {"id": 724, "value": "BqpiCJTN"},
  {"id": 233, "value": "lr25hYyL"},
  {"id": 329, "value": "XIt0xJqK"},
  {"id": 613, "value": "PpUM6OPN"},
  {"id": 850, "value": "lOliwRYQ"},
  {"id": 408, "value": "QbsqEAME"},
  {"id": 412, "value": "1CNLOaBw"},
  {"id": 129, "value": "ihYMlfEB"},
  {"id": 923, "value": "gbPV6mIT"},
  {"id": 581, "value": "jqJD46q4"},
  {"id": 184, "value": "HMIK7jpR"},
  {"id": 322, "value": "FMK0FbsT"},
  {"id": 215, "value": "9Q83E07r"},
  {"id": 546, "value": "sXvUQHQ8"},
  {"id": 791, "value": "qxZoax6w"},
  {"id": 867, "value": "Ykkbhdf5"},
  {"id": 580, "value": "HmTno303"},
  {"id": 622, "value": "pze5Uvbi"},
  {"id": 968, "value": "qxLjVYYO"},
  {"id": 851, "value": "FS9uksLm"},
  {"id": 610, "value": "9rZX0XGH"},
  {"id": 266, "value": "P0nyWdhZ"},
  {"id": 292, "value": "z8O4Qclm"},
  {"id": 996, "value": "av9bD6Pn"},
  {"id": 383, "value": "jrqfvhz6"},
  {"id": 42, "value": "JwZj18G6"},
  {"id": 637, "value": "tpL6UZBO"},
  {"id": 399, "value": "vJKJhz1E"},
  {"id": 850, "value": "hHGpDTMG"},
  {"id": 413, "value": "wl6wZCoF"},
  {"id": 632, "value": "COrhY0Cw"},
  {"id": 769, "value": "AZtBHk3S"},
  {"id": 496, "value": "a46s962t"},
  {"id": 731, "value": "3ho2IvVs"},
  {"id": 157, "value": "eU7WhsyK"},
  {"id": 672, "value": "YoUJ1zNU"},
  {"id": 82, "value": "81wnbIvS"},
  {"id": 949, "value": "ByBFKJ33"},
  {"id": 237, "value": "MSe7GRxY"},
  {"id": 652, "value": "zIRyOogR"},
  {"id": 605, "value": "jWYkxb90"},
  {"id": 176, "value": "xBiH2gPf"},
  {"id": 32, "value": "mGDZYaYQ"},
  {"id": 317, "value": "ZFvQTYta"},
  {"id": 499, "value": "r7XOGuUd"},
  {"id": 823, "value": "cZTpcUAW"},
  {"id": 581, "value": "W4kK3tBK"},
  {"id": 212, "value": "BpDg4PC1"},
  {"id": 9999, "value": "END"}
]}
