{"data": [
  {"id": 542, "value": "u2oFVFMG"},
  {"id": 996, "value": "mn8LO8Rz"},
  {"id": 190, "value": "Tpmx5Vj4"},
  {"id": 557, "value": "5K2JmovB"},
  {"id": 634, "value": "4JjooJ8j"},
  {"id": 435, "value": "W5jfnMpo"},
  {"id": 874, "value": "HOFmCMZS"},
  {"id": 362, "value": "lb0n0sHf"},
  {"id": 867, "value": "Ru99GwZ8"},
  {"id": 817, "value": "AdcUVB92"},
  {"id": 513, "value": "CVbEVBuT"},
  {"id": 915, "value": "N5fdl3TD"},
  {"id": 396, "value": "T37w5qiE"},
  {"id": 857, "value": "YS9I1luB"},
  {"id": 769, "value": "44YO1c4X"},
  {"id": 49, "value": "StU8JIwj"},
  {"id": 374, "value": "SFBgutIj"},
  {"id": 339, "value": "bmEyrQlt"},
  {"id": 725, "value": "Eab2bRFz"},
  {"id": 976, "value": "qwNG558v"},
  {"id": 171, "value": "hYwDIlAf"},
  {"id": 599, "value": "1y2xtdAP"},
  {"id": 224, "value": "W7ASJPLV"},
  {"id": 255, "value": "RmmU8Y9S"},
  {"id": 268, "value": "ssUbt5Fo"},
  {"id": 547, "value": "iIQwS7MJ"},
  {"id": 91, "value": "YeBcZMm5"},
  {"id": 690, "value": "9y5uWwzc"},
  {"id": 813, "value": "6jlqmeZ2"},
  {"id": 911, "value": "t0Tp2CBW"},
  {"id": 888, "value": "xJwwQq8e"},
  {"id": 937, "value": "2BORaPOf"},
  {"id": 12, "value": "fJ2c4Eui"},
  {"id": 518, "value": "bJPQovxj"},
  {"id": 590, "value": "5dt7n1u6"},
  {"id": 661, "value": "qjZQR2m0"},
  {"id": 640, "value": "Cp1sFZfo"},
  {"id": 87, "value": "xvCPM9N9"},
  {"id": 565, "value": "u7rikAc1"},
  {"id": 741, "value": "4VDwJK6x"},
  {"id": 312, "value": "DmI0gRQD"},
  {"id": 327, "value": "K1gRrJbz"},
  {"id": 605, "value": "XVZj66wm"},
  {"id": 490, "value": "mlbboM2q"},
  {"id": 509, "value": "GDfrMBhm"},
  {"id": 204, "value": "Ggr4CZq5"},
  {"id": 378, "value": "pIK6kmz0"},
  {"id": 804, "value": "Dh9THjpT"},
  {"id": 248, "value": "VGBOahmH"},
  {"id": 608, "value": "Fwt1zeDk"},
  {"id": 9999, "value": "END"}
]}
