Parameter,Value
Param_1,988
Param_2,847
Param_3,712
Param_4,370
Param_5,228
Param_6,891
Param_7,329
Param_8,434
Param_9,724
Param_10,602
Param_11,606
Param_12,252
Param_13,853
Param_14,414
Param_15,63
Param_16,72
Param_17,848
Param_18,453
Param_19,866
Param_20,991
Param_21,645
Param_22,642
Param_23,604
Param_24,68
Param_25,20
Param_26,604
Param_27,915
Param_28,33
Param_29,651
Param_30,589
Param_31,971
Param_32,0
Param_33,815
Param_34,351
Param_35,276
Param_36,73
Param_37,170
Param_38,3
Param_39,42
Param_40,341
Param_41,250
Param_42,650
Param_43,173
Param_44,850
Param_45,139
Param_46,228
Param_47,789
Param_48,440
Param_49,339
Param_50,173
Param_51,88
Param_52,293
Param_53,771
Param_54,126
Param_55,627
Param_56,814
Param_57,467
Param_58,313
Param_59,162
Param_60,403
Param_61,785
Param_62,955
Param_63,86
Param_64,658
Param_65,1
Param_66,770
Param_67,76
Param_68,304
Param_69,581
Param_70,835
Param_71,656
Param_72,871
Param_73,516
Param_74,118
Param_75,787
Param_76,6
Param_77,338
Param_78,600
Param_79,564
Param_80,743
Param_81,483
Param_82,960
Param_83,846
Param_84,612
Param_85,352
Param_86,882
Param_87,778
Param_88,515
Param_89,336
Param_90,229
Param_91,378
Param_92,406
Param_93,376
Param_94,669
Param_95,930
Param_96,439
Param_97,352
Param_98,85
Param_99,203
Param_100,625
