{"data": [
  {"id": 725, "value": "GwCLmXxw"},
  {"id": 854, "value": "RMw91XdA"},
  {"id": 209, "value": "mEXtO4xD"},
  {"id": 33, "value": "ETPiAOYv"},
  {"id": 558, "value": "QGrrPh3g"},
  {"id": 790, "value": "xdPK2KFp"},
  {"id": 94, "value": "eUc12CSt"},
  {"id": 882, "value": "3WQKLqmi"},
  {"id": 172, "value": "4YnUyrNX"},
  {"id": 306, "value": "MgSGcpKe"},
  {"id": 397, "value": "YbrGBCAQ"},
  {"id": 363, "value": "ACTQevbJ"},
  {"id": 713, "value": "Tgr2UKmT"},
  {"id": 603, "value": "4cha2UAA"},
  {"id": 649, "value": "XinR2dIK"},
  {"id": 836, "value": "mR9XHyio"},
  {"id": 30, "value": "4PoYGFHp"},
  {"id": 842, "value": "ntU0i0oQ"},
  {"id": 624, "value": "zerjKqOE"},
  {"id": 687, "value": "iYWCrUx8"},
  {"id": 740, "value": "pLhnj2YI"},
  {"id": 199, "value": "AJvIqj5O"},
  {"id": 736, "value": "ieYNrgkE"},
  {"id": 359, "value": "s2ZMPx2S"},
  {"id": 681, "value": "lSetv4Bl"},
  {"id": 380, "value": "KtcfKF2y"},
  {"id": 337, "value": "GB5dqOYO"},
  {"id": 579, "value": "lYsEIIXF"},
  {"id": 147, "value": "ApK4EneX"},
  {"id": 811, "value": "1NZNbMT8"},
  {"id": 8, "value": "rPuCp502"},
  {"id": 576, "value": "vBzqtEz9"},
  {"id": 672, "value": "ZhVmu244"},
  {"id": 666, "value": "WBBX414J"},
  {"id": 498, "value": "z6PNbOjQ"},
  {"id": 766, "value": "w9vho4ow"},
  {"id": 569, "value": "eNKZtvOB"},
  {"id": 789, "value": "GsaYFd38"},
  {"id": 866, "value": "D2gAM8Ub"},
  {"id": 232, "value": "sQYdRRHI"},
  {"id": 109, "value": "mN75Sjwo"},
  {"id": 76, "value": "j91njlWO"},
  {"id": 256, "value": "5ofXYIzD"},
  {"id": 734, "value": "mZ7u6tsm"},
  {"id": 563, "value": "j2kU1e9V"},
  {"id": 58, "value": "WR8xh11A"},
  {"id": 60, "value": "a7ee2ohE"},
  {"id": 950, "value": "VgzZx3gr"},
  {"id": 962, "value": "cH0QdetH"},
  {"id": 56, "value": "wKGa4CIj"},
  {"id": 9999, "value": "END"}
]}
