{"data": [
  {"id": 390, "value": "VQSPNRPQ"},
  {"id": 771, "value": "LLwcfUjh"},
  {"id": 366, "value": "B2ErQ8Y2"},
  {"id": 555, "value": "h4EKs869"},
  {"id": 660, "value": "rxJmtWnP"},
  {"id": 345, "value": "aGdhbBHq"},
  {"id": 927, "value": "4v0u7hZo"},
  {"id": 616, "value": "veb3qABP"},
  {"id": 760, "value": "qUSqIR04"},
  {"id": 651, "value": "g0ignvpp"},
  {"id": 748, "value": "aHfMt12B"},
  {"id": 752, "value": "OVgIfSY6"},
  {"id": 713, "value": "K0Aq7Iuj"},
  {"id": 326, "value": "Ng1hvPEO"},
  {"id": 679, "value": "iwT5xRgk"},
  {"id": 726, "value": "3SGzE20P"},
  {"id": 826, "value": "VMuQuEzt"},
  {"id": 952, "value": "vG2ov8ys"},
  {"id": 585, "value": "NPevUIbr"},
  {"id": 551, "value": "1PPjtx7W"},
  {"id": 1, "value": "tWP1RWzd"},
  {"id": 47, "value": "0CHjCH9R"},
  {"id": 367, "value": "Obe0u8bQ"},
  {"id": 749, "value": "xQFMcbex"},
  {"id": 956, "value": "tfp2NrI5"},
  {"id": 138, "value": "X0QPzbzf"},
  {"id": 37, "value": "rH61k9XF"},
  {"id": 183, "value": "sznc4awZ"},
  {"id": 912, "value": "jEl4AVIS"},
  {"id": 915, "value": "HxUvxswn"},
  {"id": 786, "value": "Rxaiie4I"},
  {"id": 943, "value": "YlR4M80R"},
  {"id": 542, "value": "dMSzNFG3"},
  {"id": 755, "value": "3he4UpP4"},
  {"id": 632, "value": "iRzktJJ9"},
  {"id": 813, "value": "lSuLGdOM"},
  {"id": 540, "value": "HuECswRR"},
  {"id": 277, "value": "EHGeFROB"},
  {"id": 793, "value": "ZXYDKwy0"},
  {"id": 934, "value": "4nYnXGjl"},
  {"id": 782, "value": "D1DspaTD"},
  {"id": 2, "value": "GGCsFjpJ"},
  {"id": 362, "value": "Uo8pTtqT"},
  {"id": 774, "value": "3T8BBw2Q"},
  {"id": 699, "value": "g0S3qRxO"},
  {"id": 939, "value": "64oIR29G"},
  {"id": 806, "value": "0U5Tc5lt"},
  {"id": 335, "value": "xgd0hThY"},
  {"id": 547, "value": "qORX6Rob"},
  {"id": 390, "value": "dQbPu964"},
  {"id": 9999, "value": "END"}
]}
