{"data": [
  {"id": 44, "value": "vgnqI7Zs"},
  {"id": 328, "value": "76Jq3juO"},
  {"id": 410, "value": "J1Fx9Df5"},
  {"id": 374, "value": "smqeaqFX"},
  {"id": 271, "value": "NjxfHhzg"},
  {"id": 591, "value": "Pmg1u1TL"},
  {"id": 153, "value": "OU7ys80r"},
  {"id": 29, "value": "ciw3b3YG"},
  {"id": 710, "value": "yFhDpz5S"},
  {"id": 792, "value": "e6NB6656"},
  {"id": 919, "value": "pPVnGn25"},
  {"id": 544, "value": "EuKHW2dD"},
  {"id": 710, "value": "CFXniWuZ"},
  {"id": 672, "value": "DVm1Aa3b"},
  {"id": 510, "value": "9u0gMqsM"},
  {"id": 931, "value": "GqNwW8ON"},
  {"id": 854, "value": "NgMwxfMk"},
  {"id": 358, "value": "UZpIOgxx"},
  {"id": 466, "value": "2TCP9HYg"},
  {"id": 622, "value": "xCxOjpi4"},
  {"id": 361, "value": "PBHI2qqc"},
  {"id": 978, "value": "2LYLxeQZ"},
  {"id": 693, "value": "PazCV3pW"},
  {"id": 934, "value": "xlDsAJE7"},
  {"id": 513, "value": "PAtE9M1r"},
  {"id": 853, "value": "dJy51VVH"},
  {"id": 931, "value": "ls1PpRW2"},
  {"id": 38, "value": "5xj1J0ji"},
  {"id": 657, "value": "i6XPcTBQ"},
  {"id": 819, "value": "qJ9dH6xE"},
  {"id": 421, "value": "gs27rHzP"},
  {"id": 89, "value": "C20vKgfm"},
  {"id": 898, "value": "Ni1JUEc7"},
  {"id": 36, "value": "Xt8XOtD6"},
  {"id": 668, "value": "BWZVMYwO"},
  {"id": 685, "value": "SOvLIi2F"},
  {"id": 669, "value": "rZ9hJHqL"},
  {"id": 640, "value": "esgOkVDV"},
  {"id": 875, "value": "sLQ4woRI"},
  {"id": 778, "value": "3uKQ0p2Q"},
  {"id": 967, "value": "VkJsn5UQ"},
  {"id": 433, "value": "Gh2HANez"},
  {"id": 543, "value": "bAOZYKm7"},
  {"id": 362, "value": "yEMJl2rt"},
  {"id": 269, "value": "e6j2RxDu"},
  {"id": 832, "value": "dHCAFB2P"},
  {"id": 334, "value": "yvsAnhtc"},
  {"id": 516, "value": "CVyAlvhu"},
  {"id": 273, "value": "GKSt6IQ5"},
  {"id": 230, "value": "6QlLKuIH"},
  {"id": 9999, "value": "END"}
]}
