Parameter,Value
Param_1,909
Param_2,108
Param_3,761
Param_4,610
Param_5,814
Param_6,210
Param_7,987
Param_8,252
Param_9,686
Param_10,262
Param_11,73
Param_12,628
Param_13,354
Param_14,747
Param_15,4
Param_16,321
Param_17,205
Param_18,447
Param_19,390
Param_20,336
Param_21,139
Param_22,609
Param_23,674
Param_24,434
Param_25,689
Param_26,648
Param_27,629
Param_28,326
Param_29,781
Param_30,897
Param_31,199
Param_32,705
Param_33,9
Param_34,904
Param_35,544
Param_36,223
Param_37,273
Param_38,519
Param_39,778
Param_40,51
Param_41,520
Param_42,401
Param_43,135
Param_44,496
Param_45,215
Param_46,467
Param_47,68
Param_48,844
Param_49,98
Param_50,148
Param_51,33
Param_52,835
Param_53,763
Param_54,466
Param_55,702
Param_56,257
Param_57,780
Param_58,578
Param_59,939
Param_60,503
Param_61,298
Param_62,640
Param_63,943
Param_64,574
Param_65,478
Param_66,980
Param_67,148
Param_68,716
Param_69,782
Param_70,773
Param_71,242
Param_72,86
Param_73,430
Param_74,531
Param_75,966
Param_76,860
Param_77,503
Param_78,79
Param_79,382
Param_80,559
Param_81,62
Param_82,555
Param_83,559
Param_84,279
Param_85,209
Param_86,748
Param_87,597
Param_88,32
Param_89,910
Param_90,989
Param_91,557
Param_92,303
Param_93,551
Param_94,378
Param_95,76
Param_96,125
Param_97,774
Param_98,406
Param_99,723
Param_100,848
