{"data": [
  {"id": 838, "value": "bUOweV5x"},
  {"id": 509, "value": "oZdE7Gau"},
  {"id": 519, "value": "mAxkgcTn"},
  {"id": 475, "value": "0JxtKMjQ"},
  {"id": 103, "value": "a68e6GbU"},
  {"id": 189, "value": "KMPCOFRo"},
  {"id": 297, "value": "UFDLN9LS"},
  {"id": 156, "value": "c7RTxUlX"},
  {"id": 435, "value": "NxG1EBLO"},
  {"id": 233, "value": "0NYtg9tQ"},
  {"id": 697, "value": "cGuZIZop"},
  {"id": 716, "value": "FJThZRjm"},
  {"id": 563, "value": "ukYvTnAg"},
  {"id": 329, "value": "D0XEB0CK"},
  {"id": 348, "value": "wxmlcqHi"},
  {"id": 105, "value": "TlZnbVEz"},
  {"id": 911, "value": "Jn3TsjiX"},
  {"id": 197, "value": "I8gjndsB"},
  {"id": 352, "value": "5i1LXcvq"},
  {"id": 900, "value": "aOip4Ykz"},
  {"id": 160, "value": "npbTT6sh"},
  {"id": 997, "value": "g5WPrTc1"},
  {"id": 179, "value": "Sx7a2X0m"},
  {"id": 785, "value": "gsCHUxaO"},
  {"id": 101, "value": "KJu5tgRy"},
  {"id": 492, "value": "ookVcDFA"},
  {"id": 687, "value": "xTTaNY5J"},
  {"id": 726, "value": "jvGu3NDR"},
  {"id": 536, "value": "FRCoIE54"},
  {"id": 160, "value": "OUFGK3K0"},
  {"id": 717, "value": "Vr5gnkH7"},
  {"id": 841, "value": "3rCaNLdA"},
  {"id": 828, "value": "n6pkQJJ9"},
  {"id": 544, "value": "lUwj0gLJ"},
  {"id": 356, "value": "pcN6bk7Z"},
  {"id": 708, "value": "3EcUFomX"},
  {"id": 627, "value": "gNTVRREN"},
  {"id": 636, "value": "HnGxyiSE"},
  {"id": 391, "value": "26rc9l2v"},
  {"id": 16, "value": "hmWFPiKh"},
  {"id": 73, "value": "eXHQ5dvh"},
  {"id": 379, "value": "4SSNcVIC"},
  {"id": 478, "value": "kUBY8wWw"},
  {"id": 363, "value": "JxiszGGZ"},
  {"id": 696, "value": "05ZUJTS1"},
  {"id": 688, "value": "yVi6Wm1J"},
  {"id": 351, "value": "U6Aez0Dq"},
  {"id": 736, "value": "avehN7Lx"},
  {"id": 587, "value": "sT9gdrsl"},
  {"id": 530, "value": "Xu7cO22x"},
  {"id": 9999, "value": "END"}
]}
