{"data": [
  {"id": 815, "value": "nyHoJ6gY"},
  {"id": 527, "value": "UGEAPpSR"},
  {"id": 587, "value": "uclA1Hf1"},
  {"id": 551, "value": "Yv0DcxmN"},
  {"id": 374, "value": "BsbudDbL"},
  {"id": 399, "value": "M1AHQ5Ct"},
  {"id": 435, "value": "wneVXPs8"},
  {"id": 818, "value": "EZi7mPyw"},
  {"id": 103, "value": "WNgVrH10"},
  {"id": 899, "value": "G9mXVSiL"},
  {"id": 645, "value": "o7QT6PLF"},
  {"id": 847, "value": "1fgqSMPM"},
  {"id": 612, "value": "P1jaBWnn"},
  {"id": 306, "value": "MFaBKV3h"},
  {"id": 463, "value": "HyuEpbPC"},
  {"id": 135, "value": "yxKogvwD"},
  {"id": 724, "value": "SrDzWrMw"},
  {"id": 656, "value": "zsVTvV6j"},
  {"id": 412, "value": "uv8tZrXu"},
  {"id": 198, "value": "pwPhI1f8"},
  {"id": 264, "value": "VO7tGRqW"},
  {"id": 685, "value": "gxYNE0Os"},
  {"id": 201, "value": "re4XPwb8"},
  {"id": 931, "value": "ojK9maXE"},
  {"id": 885, "value": "WsC3Ib4p"},
  {"id": 382, "value": "M78q6l30"},
  {"id": 629, "value": "NwzUlnln"},
  {"id": 821, "value": "dufyDjJf"},
  {"id": 327, "value": "pQVTogwy"},
  {"id": 770, "value": "PfLikaKH"},
  {"id": 123, "value": "Agb7EUVI"},
  {"id": 594, "value": "OyH19uRM"},
  {"id": 289, "value": "N1rCgyjr"},
  {"id": 317, "value": "QUWV3F9j"},
  {"id": 524, "value": "kdylqgtC"},
  {"id": 79, "value": "g8QtqGfU"},
  {"id": 330, "value": "qZUXsb5u"},
  {"id": 869, "value": "1UmZIvC9"},
  {"id": 613, "value": "x2OPoN2q"},
  {"id": 342, "value": "0Djd7b7L"},
  {"id": 319, "value": "cZb0zIhk"},
  {"id": 592, "value": "9eNRgEPN"},
  {"id": 869, "value": "ChYHprML"},
  {"id": 805, "value": "pIk6sMGf"},
  {"id": 511, "value": "n7QjdU2q"},
  {"id": 978, "value": "9CStFftA"},
  {"id": 357, "value": "vNX68Bun"},
  {"id": 275, "value": "ZZRO31q8"},
  {"id": 413, "value": "TOGR13qJ"},
  {"id": 319, "value": "3IfY1PIN"},
  {"id": 9999, "value": "END"}
]}
