{"data": [
  {"id": 715, "value": "gJaTJJcs"},
  {"id": 137, "value": "QFSsy31u"},
  {"id": 209, "value": "QjP1RroM"},
  {"id": 785, "value": "X7IMqPhi"},
  {"id": 632, "value": "bv2GiGva"},
  {"id": 954, "value": "tGODX1xr"},
  {"id": 705, "value": "lSObYvzh"},
  {"id": 880, "value": "ciCjlits"},
  {"id": 54, "value": "8e4F5NAA"},
  {"id": 550, "value": "YgKCHReb"},
  {"id": 948, "value": "jj9txcUY"},
  {"id": 167, "value": "5sr8FePO"},
  {"id": 861, "value": "6x30ucMR"},
  {"id": 903, "value": "RoQGtN16"},
  {"id": 552, "value": "IQZrymhD"},
  {"id": 354, "value": "x8vYUi1U"},
  {"id": 682, "value": "d4MxfTu0"},
  {"id": 808, "value": "LrE6nSF6"},
  {"id": 577, "value": "Ska1tti1"},
  {"id": 504, "value": "zJ73jXDO"},
  {"id": 664, "value": "uJHd8EoJ"},
  {"id": 824, "value": "biCFiFdK"},
  {"id": 799, "value": "Mobso0Ba"},
  {"id": 29, "value": "jiiYPMYF"},
  {"id": 214, "value": "thsP2A3k"},
  {"id": 439, "value": "n5XYnk5r"},
  {"id": 143, "value": "sA4g9IEz"},
  {"id": 750, "value": "kU3M13dd"},
  {"id": 923, "value": "pF4tWPDv"},
  {"id": 350, "value": "9CdXUwdu"},
  {"id": 615, "value": "HmsHx0Hz"},
  {"id": 503, "value": "hmwpa81G"},
  {"id": 532, "value": "qh1BSPkz"},
  {"id": 803, "value": "VhYoSAAO"},
  {"id": 153, "value": "fi0xK4WF"},
  {"id": 221, "value": "gidK0njr"},
  {"id": 779, "value": "77jo5J7G"},
  {"id": 224, "value": "BOSBrk4h"},
  {"id": 843, "value": "JOFMOYoq"},
  {"id": 744, "value": "Ts55ufEF"},
  {"id": 379, "value": "ef864fQ8"},
  {"id": 437, "value": "jJOS6jy2"},
  {"id": 344, "value": "SbJQpRlo"},
  {"id": 451, "value": "0di7bNIi"},
  {"id": 95, "value": "JpPjwigY"},
  {"id": 123, "value": "10d7Es7H"},
  {"id": 654, "value": "zTId1A4a"},
  {"id": 406, "value": "Z0hgDUSK"},
  {"id": 888, "value": "cNITIeHM"},
  {"id": 959, "value": "GBXbJqGr"},
  {"id": 9999, "value": "END"}
]}
