{"data": [
  {"id": 517, "value": "lBNnI2F2"},
  {"id": 513, "value": "OWZGawGR"},
  {"id": 789, "value": "oEwo8HUy"},
  {"id": 315, "value": "l6UsOBic"},
  {"id": 440, "value": "zVlgyRj1"},
  {"id": 383, "value": "WKL4ILHe"},
  {"id": 489, "value": "u8DxJBGO"},
  {"id": 962, "value": "RmQTEB9I"},
  {"id": 696, "value": "V1Q7ugzj"},
  {"id": 542, "value": "4Ot6aKFn"},
  {"id": 776, "value": "YNxbtZxA"},
  {"id": 368, "value": "r0tYXixZ"},
  {"id": 512, "value": "WN9G91sc"},
  {"id": 389, "value": "MQXEkdJ7"},
  {"id": 629, "value": "LzfoQKww"},
  {"id": 354, "value": "dkSsQGJp"},
  {"id": 610, "value": "W0T0AAmw"},
  {"id": 111, "value": "GhzTeXNW"},
  {"id": 595, "value": "iepHMKvm"},
  {"id": 953, "value": "mJu2wFc8"},
  {"id": 604, "value": "eX6BBET8"},
  {"id": 153, "value": "STBAbxeL"},
  {"id": 675, "value": "AO3XyPub"},
  {"id": 279, "value": "sBDypFp8"},
  {"id": 698, "value": "2VdZuAL6"},
  {"id": 145, "value": "QzGql8ZO"},
  {"id": 432, "value": "HZ9KAkQP"},
  {"id": 568, "value": "VytpLBP0"},
  {"id": 423, "value": "F6Fgt3Q2"},
  {"id": 121, "value": "nBDSc6Q8"},
  {"id": 248, "value": "SjrSWHPL"},
  {"id": 177, "value": "VqnARfdb"},
  {"id": 28, "value": "2l0v81ca"},
  {"id": 842, "value": "pFFdHO5a"},
  {"id": 364, "value": "p8h1So4R"},
  {"id": 176, "value": "WfsJLbjC"},
  {"id": 847, "value": "gAXN1vf0"},
  {"id": 317, "value": "MatkDwBh"},
  {"id": 970, "value": "uUxFNr35"},
  {"id": 335, "value": "K7zyu9Zs"},
  {"id": 660, "value": "knJ5nK00"},
  {"id": 361, "value": "JVF3f3Up"},
  {"id": 676, "value": "p3zuIDvF"},
  {"id": 78, "value": "DBaWRFKq"},
  {"id": 460, "value": "nnerYXuR"},
  {"id": 155, "value": "wwhBXyjg"},
  {"id": 536, "value": "AukDqrt9"},
  {"id": 407, "value": "cpP52e4V"},
  {"id": 163, "value": "aoZsxocw"},
  {"id": 537, "value": "pAZ5FnAK"},
  {"id": 9999, "value": "END"}
]}
