{"data": [
  {"id": 81, "value": "bTbEM2lp"},
  {"id": 623, "value": "RX67oXZV"},
  {"id": 444, "value": "5xR8jiyk"},
  {"id": 927, "value": "jkY8roJg"},
  {"id": 288, "value": "tTZma6rk"},
  {"id": 565, "value": "KOfx1bLv"},
  {"id": 813, "value": "pqsUyMEx"},
  {"id": 903, "value": "Ow0c6vHF"},
  {"id": 258, "value": "heonpDkX"},
  {"id": 930, "value": "XD3au6FQ"},
  {"id": 51, "value": "icWA5v6B"},
  {"id": 845, "value": "0onb9pGW"},
  {"id": 452, "value": "33Sn8npU"},
  {"id": 172, "value": "jE9PkfIS"},
  {"id": 144, "value": "jO7I64Et"},
  {"id": 44, "value": "Hwl28bEk"},
  {"id": 611, "value": "G2r9jwYB"},
  {"id": 933, "value": "NKS6aEG9"},
  {"id": 994, "value": "8e6gbWa2"},
  {"id": 789, "value": "VqsU2ryO"},
  {"id": 808, "value": "X5X9Ityt"},
  {"id": 155, "value": "aiMKRiQT"},
  {"id": 55, "value": "SIAZRBMN"},
  {"id": 229, "value": "uuGwrSt6"},
  {"id": 672, "value": "yvOfvsEN"},
  {"id": 145, "value": "Fu9gcMhB"},
  {"id": 178, "value": "CV0K3Xt7"},
  {"id": 81, "value": "xfFzYCYS"},
  {"id": 598, "value": "S71O69Ya"},
  {"id": 972, "value": "QmEqODe7"},
  {"id": 515, "value": "IjpqLm5Z"},
  {"id": 213, "value": "uCU322MY"},
  {"id": 380, "value": "VXX8Xhmq"},
  {"id": 116, "value": "XyUXox0F"},
  {"id": 194, "value": "Gb1uHhEk"},
  {"id": 860, "value": "H1Iyemro"},
  {"id": 1000, "value": "n7R0JTr6"},
  {"id": 14, "value": "c7GY5Nep"},
  {"id": 419, "value": "kF20YHTy"},
  {"id": 441, "value": "oxVWATMh"},
  {"id": 461, "value": "rPMIxiZg"},
  {"id": 586, "value": "dU13500g"},
  {"id": 122, "value": "ObOUAucE"},
  {"id": 920, "value": "YyDEak5T"},
  {"id": 374, "value": "4eaC5KPq"},
  {"id": 768, "value": "5tWqRXMD"},
  {"id": 366, "value": "TdPic0fK"},
  {"id": 659, "value": "u5R00peX"},
  {"id": 330, "value": "HGi9WPkn"},
  {"id": 546, "value": "4shBKf7O"},
  {"id": 9999, "value": "END"}
]}
