Parameter,Value
Param_1,453
Param_2,861
Param_3,818
Param_4,551
Param_5,47
Param_6,345
Param_7,718
Param_8,19
Param_9,480
Param_10,193
Param_11,338
Param_12,613
Param_13,753
Param_14,292
Param_15,614
Param_16,656
Param_17,511
Param_18,605
Param_19,248
Param_20,345
Param_21,647
Param_22,439
Param_23,689
Param_24,657
Param_25,134
Param_26,832
Param_27,304
Param_28,895
Param_29,357
Param_30,600
Param_31,188
Param_32,144
Param_33,274
Param_34,880
Param_35,483
Param_36,615
Param_37,513
Param_38,611
Param_39,250
Param_40,869
Param_41,466
Param_42,132
Param_43,531
Param_44,613
Param_45,327
Param_46,40
Param_47,285
Param_48,199
Param_49,82
Param_50,251
Param_51,699
Param_52,269
Param_53,865
Param_54,328
Param_55,939
Param_56,79
Param_57,998
Param_58,734
Param_59,456
Param_60,80
Param_61,710
Param_62,790
Param_63,239
Param_64,536
Param_65,514
Param_66,958
Param_67,454
Param_68,813
Param_69,945
Param_70,944
Param_71,63
Param_72,966
Param_73,332
Param_74,739
Param_75,195
Param_76,858
Param_77,860
Param_78,45
Param_79,501
Param_80,746
Param_81,459
Param_82,968
Param_83,152
Param_84,924
Param_85,604
Param_86,684
Param_87,291
Param_88,439
Param_89,413
Param_90,672
Param_91,21
Param_92,603
Param_93,371
Param_94,109
Param_95,827
Param_96,304
Param_97,823
Param_98,557
Param_99,35
Param_100,393
