{"data": [
  {"id": 792, "value": "OutxASuE"},
  {"id": 190, "value": "ZUZ0yko0"},
  {"id": 336, "value": "SWmsIHLd"},
  {"id": 163, "value": "9FPclPQD"},
  {"id": 928, "value": "bm0NufhB"},
  {"id": 266, "value": "9ESjarjm"},
  {"id": 597, "value": "85RXqH8H"},
  {"id": 545, "value": "j3SRlYaN"},
  {"id": 621, "value": "lBxY1smM"},
  {"id": 620, "value": "6doWeO6H"},
  {"id": 178, "value": "1mCMpJmJ"},
  {"id": 380, "value": "pnI4SrB9"},
  {"id": 511, "value": "eAwbds0i"},
  {"id": 864, "value": "VgnHmWQZ"},
  {"id": 376, "value": "qk1ac8LE"},
  {"id": 842, "value": "EvXqsmty"},
  {"id": 69, "value": "FSe2ipLL"},
  {"id": 855, "value": "ZmD2XUWC"},
  {"id": 108, "value": "dgg0S8Ee"},
  {"id": 191, "value": "mhwy1HHB"},
  {"id": 63, "value": "WknSxfx7"},
  {"id": 493, "value": "zFm7tIgD"},
  {"id": 742, "value": "oXNsoYSK"},
  {"id": 358, "value": "vSIGXPER"},
  {"id": 163, "value": "F0MzilUs"},
  {"id": 94, "value": "HLcAFh6q"},
  {"id": 910, "value": "5Noke3kC"},
  {"id": 954, "value": "YPhYAxik"},
  {"id": 845, "value": "Q0q3qApG"},
  {"id": 431, "value": "4JE2jESo"},
  {"id": 906, "value": "kL5O045y"},
  {"id": 198, "value": "sLrYtQD6"},
  {"id": 926, "value": "LvUEyRF2"},
  {"id": 795, "value": "QK2sH1Uy"},
  {"id": 906, "value": "WA3eDTTm"},
  {"id": 802, "value": "vJOTAvJS"},
  {"id": 826, "value": "qJsgHoiH"},
  {"id": 687, "value": "5rjGAJbx"},
  {"id": 532, "value": "9ZaP9A5Y"},
  {"id": 438, "value": "2VxcYatd"},
  {"id": 400, "value": "MohWNKLa"},
  {"id": 198, "value": "vkigFuy5"},
  {"id": 881, "value": "Zplu5JUS"},
  {"id": 52, "value": "BQkJ4goY"},
  {"id": 1000, "value": "w7lFRq4y"},
  {"id": 611, "value": "znLkAhVY"},
  {"id": 399, "value": "Aufi6IQP"},
  {"id": 509, "value": "vK9PwVhx"},
  {"id": 331, "value": "ih3HS236"},
  {"id": 628, "value": "5wXmcjqs"},
  {"id": 9999, "value": "END"}
]}
