Parameter,Value
Param_1,281
Param_2,646
Param_3,594
Param_4,86
Param_5,99
Param_6,496
Param_7,584
Param_8,36
Param_9,990
Param_10,838
Param_11,374
Param_12,715
Param_13,794
Param_14,234
Param_15,822
Param_16,420
Param_17,219
Param_18,971
Param_19,962
Param_20,28
Param_21,381
Param_22,564
Param_23,625
Param_24,261
Param_25,975
Param_26,50
Param_27,546
Param_28,490
Param_29,967
Param_30,293
Param_31,900
Param_32,111
Param_33,487
Param_34,641
Param_35,669
Param_36,901
Param_37,109
Param_38,860
Param_39,792
Param_40,424
Param_41,201
Param_42,466
Param_43,532
Param_44,162
Param_45,240
Param_46,990
Param_47,364
Param_48,715
Param_49,601
Param_50,189
Param_51,305
Param_52,528
Param_53,96
Param_54,556
Param_55,691
Param_56,116
Param_57,852
Param_58,490
Param_59,66
Param_60,815
Param_61,867
Param_62,79
Param_63,612
Param_64,216
Param_65,757
Param_66,231
Param_67,891
Param_68,843
Param_69,75
Param_70,909
Param_71,979
Param_72,274
Param_73,196
Param_74,24
Param_75,81
Param_76,947
Param_77,865
Param_78,263
Param_79,839
Param_80,297
Param_81,838
Param_82,864
Param_83,873
Param_84,226
Param_85,129
Param_86,606
Param_87,630
Param_88,551
Param_89,191
Param_90,243
Param_91,723
Param_92,834
Param_93,249
Param_94,445
Param_95,292
Param_96,601
Param_97,442
Param_98,878
Param_99,634
Param_100,314
