{"data": [
  {"id": 338, "value": "VQP3X0Wu"},
  {"id": 952, "value": "LamMTttA"},
  {"id": 536, "value": "Av8mWrKj"},
  {"id": 236, "value": "bLNAMhGT"},
  {"id": 355, "value": "OBSNNAO9"},
  {"id": 250, "value": "kmygA87t"},
  {"id": 624, "value": "AdAn0LbA"},
  {"id": 210, "value": "Nxp4ubFb"},
  {"id": 548, "value": "wszz0ob8"},
  {"id": 215, "value": "Gb0Z4glP"},
  {"id": 570, "value": "dSU6LO8E"},
  {"id": 997, "value": "Y6fxQlwN"},
  {"id": 424, "value": "LxnKAjaP"},
  {"id": 17, "value": "sB6kVa9W"},
  {"id": 106, "value": "0q0WmP0E"},
  {"id": 127, "value": "0glbkFjT"},
  {"id": 93, "value": "kBue59eV"},
  {"id": 315, "value": "Tyt7AJwo"},
  {"id": 843, "value": "nqB2eS4T"},
  {"id": 81, "value": "OpiCz0xr"},
  {"id": 496, "value": "Z92WWuTw"},
  {"id": 363, "value": "uFgNcudQ"},
  {"id": 955, "value": "Z0IEIHhg"},
  {"id": 186, "value": "YfrD9Zsn"},
  {"id": 868, "value": "O3iqDxjr"},
  {"id": 860, "value": "vK87r39o"},
  {"id": 728, "value": "UDompOgO"},
  {"id": 520, "value": "QvpCo5d2"},
  {"id": 397, "value": "rkePrxpI"},
  {"id": 45, "value": "Xz6y8Lko"},
  {"id": 231, "value": "dMVzAFXo"},
  {"id": 213, "value": "DFLIEU1I"},
  {"id": 754, "value": "GyeTUVv9"},
  {"id": 660, "value": "bcuuWUgq"},
  {"id": 767, "value": "QDKTRdFQ"},
  {"id": 367, "value": "0Yib5fN8"},
  {"id": 455, "value": "oid9G7z0"},
  {"id": 590, "value": "ksWPOF1x"},
  {"id": 489, "value": "4pOOD97I"},
  {"id": 207, "value": "DUe2s8xS"},
  {"id": 384, "value": "SrlbOK1M"},
  {"id": 859, "value": "djhm7UbY"},
  {"id": 708, "value": "9dSxzI1w"},
  {"id": 281, "value": "smsOrHJM"},
  {"id": 324, "value": "gT0y8x1P"},
  {"id": 292, "value": "uHvjRodj"},
  {"id": 37, "value": "IKS9qfZH"},
  {"id": 849, "value": "narsrjYF"},
  {"id": 270, "value": "OqwNyAMs"},
  {"id": 708, "value": "ZFCjelli"},
  {"id": 9999, "value": "END"}
]}
