Parameter,Value
Param_1,202
Param_2,376
Param_3,560
Param_4,636
Param_5,447
Param_6,114
Param_7,598
Param_8,41
Param_9,12
Param_10,749
Param_11,416
Param_12,585
Param_13,126
Param_14,969
Param_15,972
Param_16,696
Param_17,260
Param_18,127
Param_19,143
Param_20,613
Param_21,881
Param_22,643
Param_23,685
Param_24,241
Param_25,119
Param_26,764
Param_27,186
Param_28,553
Param_29,25
Param_30,783
Param_31,452
Param_32,201
Param_33,910
Param_34,144
Param_35,43
Param_36,12
Param_37,195
Param_38,159
Param_39,29
Param_40,957
Param_41,569
Param_42,744
Param_43,989
Param_44,528
Param_45,21
Param_46,475
Param_47,705
Param_48,174
Param_49,824
Param_50,840
Param_51,316
Param_52,887
Param_53,898
Param_54,319
Param_55,862
Param_56,862
Param_57,136
Param_58,233
Param_59,258
Param_60,480
Param_61,199
Param_62,569
Param_63,193
Param_64,960
Param_65,47
Param_66,300
Param_67,188
Param_68,582
Param_69,697
Param_70,319
Param_71,326
Param_72,692
Param_73,227
Param_74,27
Param_75,617
Param_76,900
Param_77,417
Param_78,172
Param_79,27
Param_80,34
Param_81,973
Param_82,467
Param_83,446
Param_84,439
Param_85,854
Param_86,168
Param_87,806
Param_88,927
Param_89,75
Param_90,741
Param_91,551
Param_92,159
Param_93,847
Param_94,513
Param_95,231
Param_96,977
Param_97,884
Param_98,453
Param_99,418
Param_100,726
