{"data": [
  {"id": 492, "value": "gRpSZ7Ii"},
  {"id": 323, "value": "jQZVJUqB"},
  {"id": 945, "value": "jOz5Lwai"},
  {"id": 536, "value": "lK49esiC"},
  {"id": 952, "value": "HKcsfq47"},
  {"id": 18, "value": "zr66xgAJ"},
  {"id": 126, "value": "bbCYso1T"},
  {"id": 312, "value": "Nktu4Tka"},
  {"id": 994, "value": "byRjiAMO"},
  {"id": 29, "value": "RzO4EBCt"},
  {"id": 539, "value": "F7KDr7hD"},
  {"id": 885, "value": "QKjULmDl"},
  {"id": 408, "value": "KfakZ8MT"},
  {"id": 826, "value": "PR8EMFi1"},
  {"id": 142, "value": "OF5vhCy8"},
  {"id": 806, "value": "nKSwvmmZ"},
  {"id": 398, "value": "CoBdINgI"},
  {"id": 138, "value": "TCilzFET"},
  {"id": 115, "value": "okBF8c8B"},
  {"id": 627, "value": "JfBJVEmb"},
  {"id": 52, "value": "srXo6wde"},
  {"id": 14, "value": "GCqqCUaR"},
  {"id": 567, "value": "W4GIVGtr"},
  {"id": 797, "value": "tvalNws5"},
  {"id": 986, "value": "LXv0EtMt"},
  {"id": 250, "value": "g6X9gdxn"},
  {"id": 552, "value": "xlBw8sT3"},
  {"id": 736, "value": "ci1SOY7C"},
  {"id": 986, "value": "GDzBgNdM"},
  {"id": 411, "value": "sjHyr4kW"},
  {"id": 983, "value": "OdznGzsq"},
  {"id": 837, "value": "9PNAKcqQ"},
  {"id": 819, "value": "x6Q8Pl9J"},
  {"id": 171, "value": "DIRz9jqC"},
  {"id": 993, "value": "1jUEoD2K"},
  {"id": 433, "value": "hhlPig4J"},
  {"id": 69, "value": "WatkNu0F"},
  {"id": 735, "value": "hrr2f1o9"},
  {"id": 934, "value": "cG0nT9Xp"},
  {"id": 329, "value": "f2J8Rri3"},
  {"id": 949, "value": "QSA7wefg"},
  {"id": 917, "value": "PyKSsDyZ"},
  {"id": 488, "value": "NAwCVpEM"},
  {"id": 267, "value": "yfmvkeaQ"},
  {"id": 344, "value": "JkCxbYX8"},
  {"id": 876, "value": "zeiu1sLb"},
  {"id": 344, "value": "TNGuTCEa"},
  {"id": 869, "value": "JVK8JYqD"},
  {"id": 391, "value": "xa4nSSRv"},
  {"id": 348, "value": "6yhvClrQ"},
  {"id": 9999, "value": "END"}
]}
