Parameter,Value
Param_1,458
Param_2,742
Param_3,418
Param_4,894
Param_5,0
Param_6,34
Param_7,10
Param_8,601
Param_9,971
Param_10,284
Param_11,249
Param_12,438
Param_13,95
Param_14,5
Param_15,217
Param_16,278
Param_17,931
Param_18,571
Param_19,637
Param_20,700
Param_21,146
Param_22,991
Param_23,455
Param_24,908
Param_25,567
Param_26,694
Param_27,761
Param_28,29
Param_29,875
Param_30,679
Param_31,740
Param_32,80
Param_33,865
Param_34,22
Param_35,954
Param_36,491
Param_37,860
Param_38,64
Param_39,543
Param_40,83
Param_41,63
Param_42,194
Param_43,604
Param_44,582
Param_45,940
Param_46,198
Param_47,429
Param_48,849
Param_49,846
Param_50,36
Param_51,905
Param_52,833
Param_53,168
Param_54,421
Param_55,600
Param_56,676
Param_57,636
Param_58,789
Param_59,515
Param_60,853
Param_61,175
Param_62,313
Param_63,234
Param_64,759
Param_65,833
Param_66,753
Param_67,457
Param_68,926
Param_69,759
Param_70,31
Param_71,71
Param_72,879
Param_73,971
Param_74,53
Param_75,800
Param_76,517
Param_77,464
Param_78,957
Param_79,205
Param_80,805
Param_81,78
Param_82,597
Param_83,546
Param_84,785
Param_85,441
Param_86,348
Param_87,315
Param_88,742
Param_89,857
Param_90,728
Param_91,984
Param_92,535
Param_93,701
Param_94,711
Param_95,503
Param_96,558
Param_97,88
Param_98,11
Param_99,133
Param_100,208
