{"data": [
  {"id": 792, "value": "V1E1Qxyw"},
  {"id": 716, "value": "i3vjG6tx"},
  {"id": 603, "value": "ljPNVry7"},
  {"id": 328, "value": "XIcptnTh"},
  {"id": 386, "value": "Aw2HURCh"},
  {"id": 458, "value": "JiCf4oTg"},
  {"id": 173, "value": "weqqgcAW"},
  {"id": 345, "value": "XSQn0LI6"},
  {"id": 743, "value": "ZRcwNIcK"},
  {"id": 505, "value": "KwB6P7bs"},
  {"id": 992, "value": "1lpV0abI"},
  {"id": 833, "value": "bP7BhvAk"},
  {"id": 666, "value": "7Olnj8JI"},
  {"id": 696, "value": "Mp7fsJXF"},
  {"id": 699, "value": "4AEXCsIH"},
  {"id": 910, "value": "o0iabpSE"},
  {"id": 849, "value": "C8NNKTfY"},
  {"id": 50, "value": "QQW6CZbB"},
  {"id": 5, "value": "a9Ehj0Rf"},
  {"id": 650, "value": "Cr2zY4MH"},
  {"id": 436, "value": "ptrzDgs8"},
  {"id": 455, "value": "b7hs1j4n"},
  {"id": 311, "value": "nDI0UPgi"},
  {"id": 802, "value": "O1HsllU3"},
  {"id": 763, "value": "Vuea9JDi"},
  {"id": 737, "value": "tZsGK4Vx"},
  {"id": 754, "value": "9M8jeAx9"},
  {"id": 479, "value": "uV167OkT"},
  {"id": 751, "value": "F4qGOI3g"},
  {"id": 89, "value": "Q2ta2Q0y"},
  {"id": 448, "value": "7msVWdcs"},
  {"id": 963, "value": "IttGKwkF"},
  {"id": 306, "value": "yEc9hrNZ"},
  {"id": 825, "value": "cvirV7Ml"},
  {"id": 347, "value": "752mSGRK"},
  {"id": 947, "value": "HsLSyMgd"},
  {"id": 139, "value": "m1lcf24Q"},
  {"id": 836, "value": "cXE3d4A9"},
  {"id": 407, "value": "Duao0Y5j"},
  {"id": 477, "value": "7EulNr0q"},
  {"id": 438, "value": "3M7dojIo"},
  {"id": 765, "value": "HEKLqXal"},
  {"id": 882, "value": "KKXj7AK7"},
  {"id": 825, "value": "iqp8melG"},
  {"id": 208, "value": "tYzm8F4S"},
  {"id": 313, "value": "XuacXXOG"},
  {"id": 59, "value": "v3VbvbsO"},
  {"id": 277, "value": "147jWwNQ"},
  {"id": 837, "value": "mQ46GFuE"},
  {"id": 646, "value": "i5r9gbSq"},
  {"id": 9999, "value": "END"}
]}
