{"data": [
  {"id": 810, "value": "vTQKVZGC"},
  {"id": 359, "value": "NtCmtB4a"},
  {"id": 437, "value": "tsGJFGwD"},
  {"id": 191, "value": "kslDOM3z"},
  {"id": 867, "value": "tpWdIGjr"},
  {"id": 876, "value": "XCh63vAq"},
  {"id": 426, "value": "EGAYwwa8"},
  {"id": 208, "value": "SbsEkQ0T"},
  {"id": 762, "value": "FrshZgHg"},
  {"id": 394, "value": "exWfYFxG"},
  {"id": 843, "value": "zGWzwOwn"},
  {"id": 998, "value": "BiULmPGO"},
  {"id": 418, "value": "CPIP4Uyt"},
  {"id": 559, "value": "TAUt7euj"},
  {"id": 724, "value": "NOFqd19e"},
  {"id": 421, "value": "8CyOiz3u"},
  {"id": 19, "value": "K5of0q4p"},
  {"id": 281, "value": "fpBxFPK8"},
  {"id": 372, "value": "OAN5Jqgq"},
  {"id": 361, "value": "qHzOXNJq"},
  {"id": 65, "value": "pAq7fAZq"},
  {"id": 587, "value": "L7KnvqHx"},
  {"id": 517, "value": "7iu09QV6"},
  {"id": 585, "value": "Ki2aG7am"},
  {"id": 813, "value": "sSz6WvJl"},
  {"id": 682, "value": "DkjwaTjy"},
  {"id": 356, "value": "iqHKgPOQ"},
  {"id": 589, "value": "FNfidcOW"},
  {"id": 389, "value": "P0AvE9Fg"},
  {"id": 199, "value": "vufxX5B4"},
  {"id": 594, "value": "1XhkPGN8"},
  {"id": 747, "value": "nqtJNVBs"},
  {"id": 619, "value": "4q2yeESo"},
  {"id": 306, "value": "WcF95UZK"},
  {"id": 878, "value": "XocgMy71"},
  {"id": 255, "value": "S6oCElHF"},
  {"id": 200, "value": "gLTJcBeX"},
  {"id": 46, "value": "exQNxV9d"},
  {"id": 778, "value": "hk1XnoWA"},
  {"id": 73, "value": "Ilqpi9Qu"},
  {"id": 537, "value": "GwVALjL6"},
  {"id": 841, "value": "nfv7N1xx"},
  {"id": 597, "value": "GPwjSWrG"},
  {"id": 187, "value": "OxA1OpkD"},
  {"id": 11, "value": "Hb2iGicc"},
  {"id": 3, "value": "CkL3mXZj"},
  {"id": 278, "value": "wy1aWTrd"},
  {"id": 183, "value": "UHpnxsy2"},
  {"id": 16, "value": "6lPROoTs"},
  {"id": 396, "value": "NpPcbZJ6"},
  {"id": 9999, "value": "END"}
]}
