{"data": [
  {"id": 2, "value": "wBQq6IwP"},
  {"id": 290, "value": "FFifksJZ"},
  {"id": 175, "value": "M4vqiVOu"},
  {"id": 23, "value": "7N13zqjK"},
  {"id": 54, "value": "HD4teZQE"},
  {"id": 512, "value": "0qO6Xc7B"},
  {"id": 489, "value": "FZIPu7c2"},
  {"id": 281, "value": "wWUDcjWO"},
  {"id": 537, "value": "xS3bd6EQ"},
  {"id": 572, "value": "3JvRQ1sU"},
  {"id": 964, "value": "Wwn4pzgA"},
  {"id": 119, "value": "e0uVdtz2"},
  {"id": 171, "value": "unSfQ5Yq"},
  {"id": 248, "value": "crTWxN7K"},
  {"id": 835, "value": "i1ATmEgA"},
  {"id": 581, "value": "3x9DDndw"},
  {"id": 269, "value": "6GG3cxiF"},
  {"id": 212, "value": "HUadgBa7"},
  {"id": 328, "value": "Vx0R64mR"},
  {"id": 924, "value": "3TufKDAN"},
  {"id": 688, "value": "IuToixf0"},
  {"id": 996, "value": "QYD4x6j7"},
  {"id": 131, "value": "uSZXLF11"},
  {"id": 18, "value": "ZdCUS8wU"},
  {"id": 327, "value": "ZoVHmx0C"},
  {"id": 765, "value": "Bd7vYHSD"},
  {"id": 520, "value": "iBTmdktb"},
  {"id": 397, "value": "hlkjxS00"},
  {"id": 87, "value": "84CQzdo0"},
  {"id": 184, "value": "ioACvDoe"},
  {"id": 95, "value": "ajQAqWp5"},
  {"id": 24, "value": "cpbUpXVa"},
  {"id": 927, "value": "usDOnUvM"},
  {"id": 194, "value": "kfNmqqt5"},
  {"id": 394, "value": "RArvff2Z"},
  {"id": 68, "value": "UYD0uSLH"},
  {"id": 788, "value": "12VCheva"},
  {"id": 58, "value": "MsXETIzX"},
  {"id": 914, "value": "rstHUcdo"},
  {"id": 981, "value": "o2biy5Ve"},
  {"id": 666, "value": "rZgcbV1j"},
  {"id": 652, "value": "BpuVxwkI"},
  {"id": 737, "value": "8SfrpggQ"},
  {"id": 330, "value": "lWESWLya"},
  {"id": 578, "value": "2bcRYFwi"},
  {"id": 840, "value": "ey1dj44x"},
  {"id": 587, "value": "GjkuzESD"},
  {"id": 272, "value": "teYatpoT"},
  {"id": 895, "value": "xeTpVGgC"},
  {"id": 924, "value": "2490c0ZH"},
  {"id": 9999, "value": "END"}
]}
