Parameter,Value
Param_1,129
Param_2,655
Param_3,808
Param_4,987
Param_5,972
Param_6,21
Param_7,770
Param_8,290
Param_9,953
Param_10,588
Param_11,925
Param_12,206
Param_13,173
Param_14,226
Param_15,963
Param_16,845
Param_17,159
Param_18,352
Param_19,830
Param_20,188
Param_21,358
Param_22,834
Param_23,995
Param_24,599
Param_25,770
Param_26,228
Param_27,124
Param_28,764
Param_29,271
Param_30,211
Param_31,225
Param_32,532
Param_33,237
Param_34,295
Param_35,562
Param_36,468
Param_37,702
Param_38,331
Param_39,30
Param_40,46
Param_41,797
Param_42,698
Param_43,800
Param_44,958
Param_45,736
Param_46,661
Param_47,777
Param_48,497
Param_49,283
Param_50,262
Param_51,142
Param_52,832
Param_53,348
Param_54,350
Param_55,989
Param_56,915
Param_57,791
Param_58,926
Param_59,182
Param_60,551
Param_61,374
Param_62,226
Param_63,991
Param_64,603
Param_65,482
Param_66,710
Param_67,136
Param_68,252
Param_69,153
Param_70,287
Param_71,624
Param_72,741
Param_73,340
Param_74,38
Param_75,856
Param_76,423
Param_77,847
Param_78,645
Param_79,675
Param_80,389
Param_81,938
Param_82,528
Param_83,348
Param_84,111
Param_85,357
Param_86,978
Param_87,537
Param_88,30
Param_89,859
Param_90,983
Param_91,347
Param_92,208
Param_93,853
Param_94,345
Param_95,564
Param_96,447
Param_97,677
Param_98,212
Param_99,114
Param_100,183
