{"data": [
  {"id": 843, "value": "71sNFJz5"},
  {"id": 285, "value": "OOBaxoE6"},
  {"id": 73, "value": "qjif7Dwy"},
  {"id": 789, "value": "QFk4LXjU"},
  {"id": 291, "value": "QTycnkOe"},
  {"id": 916, "value": "6Dd9kBVA"},
  {"id": 290, "value": "BtZd0UZa"},
  {"id": 60, "value": "oUxSRKW8"},
  {"id": 287, "value": "3TumaT0H"},
  {"id": 955, "value": "T8VoEMYw"},
  {"id": 882, "value": "6giM9KlM"},
  {"id": 20, "value": "bNL9I3bo"},
  {"id": 112, "value": "5BqzEtZj"},
  {"id": 281, "value": "IFD700MS"},
  {"id": 732, "value": "VL1urVT1"},
  {"id": 606, "value": "yBHIWRP7"},
  {"id": 229, "value": "prC6l9As"},
  {"id": 239, "value": "06TM4eQ7"},
  {"id": 362, "value": "nWApMd7m"},
  {"id": 178, "value": "B41TVXMY"},
  {"id": 543, "value": "qo22rqPs"},
  {"id": 852, "value": "AuBAaNuN"},
  {"id": 736, "value": "cv8BDgo4"},
  {"id": 887, "value": "0kMdXxEY"},
  {"id": 891, "value": "rILuqA0Y"},
  {"id": 504, "value": "XSamlzcN"},
  {"id": 57, "value": "w9eM6P7M"},
  {"id": 334, "value": "haZR56os"},
  {"id": 51, "value": "NE7VoxgK"},
  {"id": 307, "value": "pz7IS152"},
  {"id": 278, "value": "lP4Hu9cO"},
  {"id": 655, "value": "oBSsVmxB"},
  {"id": 47, "value": "MKjHFnPg"},
  {"id": 93, "value": "FgDMsx2K"},
  {"id": 411, "value": "Hl5OC8Yr"},
  {"id": 849, "value": "jQKxfhgJ"},
  {"id": 825, "value": "WOvOupgP"},
  {"id": 244, "value": "YbaLNPjy"},
  {"id": 684, "value": "XFCPl928"},
  {"id": 55, "value": "iaf6xcGf"},
  {"id": 163, "value": "VgIiHDpq"},
  {"id": 776, "value": "dH5EbU4I"},
  {"id": 148, "value": "oHnq9xOx"},
  {"id": 162, "value": "LIxMTBpS"},
  {"id": 996, "value": "mYCJTyLi"},
  {"id": 711, "value": "ODkvKVn4"},
  {"id": 323, "value": "Fk9Vdpbb"},
  {"id": 351, "value": "ZQAnYvW8"},
  {"id": 335, "value": "1ol5Pgbv"},
  {"id": 631, "value": "eEhSWzPl"},
  {"id": 9999, "value": "END"}
]}
