Parameter,Value
Param_1,353
Param_2,680
Param_3,16
Param_4,78
Param_5,202
Param_6,482
Param_7,379
Param_8,964
Param_9,396
Param_10,380
Param_11,920
Param_12,879
Param_13,821
Param_14,907
Param_15,907
Param_16,126
Param_17,401
Param_18,544
Param_19,133
Param_20,790
Param_21,68
Param_22,18
Param_23,270
Param_24,392
Param_25,754
Param_26,550
Param_27,620
Param_28,831
Param_29,315
Param_30,894
Param_31,339
Param_32,446
Param_33,515
Param_34,454
Param_35,286
Param_36,903
Param_37,842
Param_38,486
Param_39,119
Param_40,137
Param_41,19
Param_42,389
Param_43,967
Param_44,80
Param_45,334
Param_46,284
Param_47,38
Param_48,929
Param_49,812
Param_50,484
Param_51,294
Param_52,667
Param_53,99
Param_54,617
Param_55,869
Param_56,933
Param_57,734
Param_58,410
Param_59,317
Param_60,353
Param_61,299
Param_62,902
Param_63,984
Param_64,498
Param_65,887
Param_66,353
Param_67,874
Param_68,861
Param_69,454
Param_70,668
Param_71,380
Param_72,61
Param_73,336
Param_74,237
Param_75,832
Param_76,707
Param_77,339
Param_78,605
Param_79,356
Param_80,263
Param_81,283
Param_82,741
Param_83,340
Param_84,13
Param_85,76
Param_86,87
Param_87,38
Param_88,778
Param_89,217
Param_90,634
Param_91,569
Param_92,983
Param_93,785
Param_94,655
Param_95,933
Param_96,282
Param_97,542
Param_98,533
Param_99,430
Param_100,709
