{"data": [
  {"id": 58, "value": "DzVf0BOy"},
  {"id": 47, "value": "xSpvsnSm"},
  {"id": 861, "value": "U6bPH3m9"},
  {"id": 816, "value": "FNv9pOYB"},
  {"id": 734, "value": "Vq9DDZq0"},
  {"id": 818, "value": "dGNK4Olt"},
  {"id": 936, "value": "OLXiF1oO"},
  {"id": 327, "value": "W5mIjF24"},
  {"id": 256, "value": "96cLyX1E"},
  {"id": 425, "value": "N7vYn2ZT"},
  {"id": 8, "value": "dCUggNHb"},
  {"id": 470, "value": "Ri9pizIO"},
  {"id": 822, "value": "NyDoqRxx"},
  {"id": 19, "value": "vow1Q5Km"},
  {"id": 345, "value": "RWdv9KoW"},
  {"id": 437, "value": "JiYRcqPH"},
  {"id": 669, "value": "FCraN6lY"},
  {"id": 306, "value": "ArbD0ymQ"},
  {"id": 945, "value": "pxQCVQas"},
  {"id": 928, "value": "wuXilB6L"},
  {"id": 559, "value": "0YRd8n7I"},
  {"id": 153, "value": "GajVNvp3"},
  {"id": 429, "value": "NGZ67YUd"},
  {"id": 143, "value": "56jDNNhP"},
  {"id": 797, "value": "Kv3jT52o"},
  {"id": 910, "value": "GGnwg326"},
  {"id": 531, "value": "skCQp6pS"},
  {"id": 221, "value": "QoGEICJx"},
  {"id": 957, "value": "PjwIRGF8"},
  {"id": 697, "value": "KFAudHRI"},
  {"id": 163, "value": "aVNLR0eM"},
  {"id": 204, "value": "wPYYiGOH"},
  {"id": 258, "value": "yYoYCVaI"},
  {"id": 912, "value": "M0XlOdmm"},
  {"id": 536, "value": "jJnzixkL"},
  {"id": 392, "value": "zGkJLLAH"},
  {"id": 870, "value": "iCJ7nUjK"},
  {"id": 822, "value": "Ok08QIaN"},
  {"id": 574, "value": "ZCzSXczf"},
  {"id": 837, "value": "0z6fRfGO"},
  {"id": 957, "value": "YHu1xUhE"},
  {"id": 503, "value": "ua5in01R"},
  {"id": 953, "value": "6AJ91wa1"},
  {"id": 937, "value": "xpWlo97m"},
  {"id": 739, "value": "HVCLqmeb"},
  {"id": 676, "value": "DawszvTx"},
  {"id": 799, "value": "Sgvuw7RH"},
  {"id": 501, "value": "DhFqb4HJ"},
  {"id": 395, "value": "zo3MpgNo"},
  {"id": 524, "value": "jhEFIpDT"},
  {"id": 9999, "value": "END"}
]}
