Parameter,Value
Param_1,226
Param_2,412
Param_3,283
Param_4,29
Param_5,561
Param_6,244
Param_7,198
Param_8,890
Param_9,769
Param_10,122
Param_11,556
Param_12,868
Param_13,813
Param_14,802
Param_15,722
Param_16,974
Param_17,681
Param_18,665
Param_19,782
Param_20,654
Param_21,416
Param_22,671
Param_23,435
Param_24,405
Param_25,733
Param_26,315
Param_27,554
Param_28,249
Param_29,207
Param_30,115
Param_31,644
Param_32,397
Param_33,259
Param_34,368
Param_35,942
Param_36,218
Param_37,666
Param_38,670
Param_39,306
Param_40,728
Param_41,325
Param_42,816
Param_43,20
Param_44,544
Param_45,251
Param_46,345
Param_47,599
Param_48,543
Param_49,27
Param_50,63
Param_51,215
Param_52,634
Param_53,409
Param_54,782
Param_55,700
Param_56,38
Param_57,942
Param_58,40
Param_59,706
Param_60,630
Param_61,209
Param_62,374
Param_63,383
Param_64,497
Param_65,350
Param_66,272
Param_67,853
Param_68,899
Param_69,50
Param_70,585
Param_71,135
Param_72,372
Param_73,531
Param_74,468
Param_75,440
Param_76,487
Param_77,594
Param_78,450
Param_79,820
Param_80,793
Param_81,330
Param_82,560
Param_83,827
Param_84,299
Param_85,335
Param_86,960
Param_87,472
Param_88,822
Param_89,302
Param_90,602
Param_91,311
Param_92,35
Param_93,597
Param_94,393
Param_95,764
Param_96,979
Param_97,477
Param_98,939
Param_99,956
Param_100,396
