{"data": [
  {"id": 905, "value": "lXuxZXZ7"},
  {"id": 797, "value": "MOxUfft3"},
  {"id": 464, "value": "h7P0W6SU"},
  {"id": 244, "value": "k0cQj2pa"},
  {"id": 733, "value": "sYPKpAtr"},
  {"id": 62, "value": "PBwsT8Jc"},
  {"id": 755, "value": "q72dmeCT"},
  {"id": 127, "value": "dYin0t2z"},
  {"id": 991, "value": "JFEcEwnr"},
  {"id": 509, "value": "0xY08a3C"},
  {"id": 273, "value": "Gl4jY1BB"},
  {"id": 232, "value": "RPfGVbWc"},
  {"id": 510, "value": "4dphicMX"},
  {"id": 388, "value": "kwV4Zodo"},
  {"id": 667, "value": "krumOS2X"},
  {"id": 927, "value": "dxQPKg5J"},
  {"id": 171, "value": "HKRWG1WW"},
  {"id": 571, "value": "GvsD11Bn"},
  {"id": 95, "value": "9eQZlR1o"},
  {"id": 713, "value": "wxiHd2vH"},
  {"id": 170, "value": "btlzTyWP"},
  {"id": 766, "value": "ZlX6dbg2"},
  {"id": 491, "value": "020RG7U2"},
  {"id": 744, "value": "pdqzEwOS"},
  {"id": 660, "value": "PyxCd0Oh"},
  {"id": 395, "value": "stDaWHaE"},
  {"id": 60, "value": "tVMVk57q"},
  {"id": 845, "value": "iqTpHdNN"},
  {"id": 752, "value": "jU0i633h"},
  {"id": 879, "value": "s7rw94ed"},
  {"id": 755, "value": "CL6I1s6n"},
  {"id": 860, "value": "f7aWgAGQ"},
  {"id": 669, "value": "HFCOrSVt"},
  {"id": 619, "value": "zXT2THe0"},
  {"id": 452, "value": "xWEtyinw"},
  {"id": 819, "value": "hcZUgviw"},
  {"id": 585, "value": "uxuhSzaQ"},
  {"id": 372, "value": "jxWYL8cS"},
  {"id": 664, "value": "v0mn1A56"},
  {"id": 828, "value": "8RsctV74"},
  {"id": 692, "value": "tDOUEZpM"},
  {"id": 469, "value": "JhsAho4a"},
  {"id": 55, "value": "HJQkTXjp"},
  {"id": 351, "value": "s0OZ47Tn"},
  {"id": 383, "value": "ZpQlKSwN"},
  {"id": 681, "value": "ZQYak5OE"},
  {"id": 549, "value": "Ew0kZen8"},
  {"id": 302, "value": "uGZOnzZW"},
  {"id": 977, "value": "QsxHARUR"},
  {"id": 661, "value": "c07rcIim"},
  {"id": 9999, "value": "END"}
]}
