{"data": [
  {"id": 98, "value": "mO3WCsnr"},
  {"id": 106, "value": "1BeiWbNo"},
  {"id": 190, "value": "5i6nSAIv"},
  {"id": 817, "value": "nFtrSwKc"},
  {"id": 352, "value": "RfV8sUXQ"},
  {"id": 935, "value": "vboZQUw3"},
  {"id": 348, "value": "CxKYfuBR"},
  {"id": 605, "value": "5hUUP3UX"},
  {"id": 423, "value": "bEz0hMk1"},
  {"id": 647, "value": "ZANrU1iO"},
  {"id": 573, "value": "OIT9gMa8"},
  {"id": 214, "value": "8nksNWhS"},
  {"id": 352, "value": "5cYdU8qa"},
  {"id": 927, "value": "hBnJiSIb"},
  {"id": 720, "value": "wAMmmUOa"},
  {"id": 419, "value": "Xbb8pQ7X"},
  {"id": 289, "value": "1jpXrVim"},
  {"id": 731, "value": "8ZbR9mOZ"},
  {"id": 619, "value": "7FsrZqrI"},
  {"id": 715, "value": "C0IC0aI8"},
  {"id": 31, "value": "JNxnepoT"},
  {"id": 173, "value": "RhuiIqO0"},
  {"id": 462, "value": "RjaRwwSh"},
  {"id": 265, "value": "vammxNky"},
  {"id": 89, "value": "6slsV6Zx"},
  {"id": 830, "value": "Z8d0s1Ho"},
  {"id": 812, "value": "tiXPLwc0"},
  {"id": 385, "value": "W8lMdjk5"},
  {"id": 546, "value": "2Ejpfyng"},
  {"id": 730, "value": "CAjVSP3Z"},
  {"id": 994, "value": "ogIZjHrU"},
  {"id": 587, "value": "6Q5hj1Nw"},
  {"id": 539, "value": "RoFwEBIE"},
  {"id": 478, "value": "sElr5Ccf"},
  {"id": 517, "value": "Z87RVcgF"},
  {"id": 121, "value": "80KoMYLC"},
  {"id": 586, "value": "rCwo2e9r"},
  {"id": 208, "value": "he4W4W2z"},
  {"id": 997, "value": "aqPJpQvM"},
  {"id": 800, "value": "6AvaZVnM"},
  {"id": 820, "value": "9wtXV1ta"},
  {"id": 771, "value": "zNiZHg4H"},
  {"id": 524, "value": "6KZapLbp"},
  {"id": 424, "value": "zf6TiaD4"},
  {"id": 752, "value": "O80XmfLw"},
  {"id": 641, "value": "8r7zdYQB"},
  {"id": 773, "value": "vvV8xcD9"},
  {"id": 286, "value": "IacShGYt"},
  {"id": 103, "value": "vitZTMo0"},
  {"id": 299, "value": "4d5e1L5N"},
  {"id": 9999, "value": "END"}
]}
