{"data": [
  {"id": 816, "value": "APMLPGVg"},
  {"id": 757, "value": "CBtt0X0A"},
  {"id": 110, "value": "bH72Y5H4"},
  {"id": 341, "value": "77HrzwzZ"},
  {"id": 108, "value": "ua3eq5MF"},
  {"id": 881, "value": "HuHlGbAL"},
  {"id": 662, "value": "HMIgLADM"},
  {"id": 647, "value": "Uv5fbQDd"},
  {"id": 164, "value": "EAsnaYmY"},
  {"id": 510, "value": "wyxpO8ra"},
  {"id": 712, "value": "8TXcdq09"},
  {"id": 890, "value": "8gILCDox"},
  {"id": 303, "value": "FDaqJdAi"},
  {"id": 359, "value": "n0srbzrJ"},
  {"id": 583, "value": "NJHUYLSF"},
  {"id": 871, "value": "eVLF3lkn"},
  {"id": 951, "value": "kU8yUx5X"},
  {"id": 440, "value": "4N69pzPM"},
  {"id": 201, "value": "KweOvH4Y"},
  {"id": 188, "value": "r29Xb7tq"},
  {"id": 702, "value": "cpUzae7l"},
  {"id": 86, "value": "ugnBKPi4"},
  {"id": 773, "value": "CaTNx3Dr"},
  {"id": 955, "value": "XWqXKFzq"},
  {"id": 690, "value": "zi3Xvfqb"},
  {"id": 490, "value": "OB2bRTtN"},
  {"id": 358, "value": "Pzy0tMeP"},
  {"id": 842, "value": "y4mgo9k4"},
  {"id": 424, "value": "wdb4Y9xJ"},
  {"id": 49, "value": "4vHn4KZ7"},
  {"id": 701, "value": "bDUBYfxI"},
  {"id": 138, "value": "B8pSvc6q"},
  {"id": 331, "value": "RHtMgLjY"},
  {"id": 322, "value": "LCITJgIf"},
  {"id": 50, "value": "OmCKvJ5Z"},
  {"id": 651, "value": "nQHF9RuA"},
  {"id": 277, "value": "7Wfe6Ng8"},
  {"id": 934, "value": "6FBwysU0"},
  {"id": 368, "value": "kQWqVN0v"},
  {"id": 123, "value": "ZUsbTFfM"},
  {"id": 623, "value": "I5MBDZw3"},
  {"id": 861, "value": "jrN1eg3r"},
  {"id": 462, "value": "2QsPnUaJ"},
  {"id": 336, "value": "RifqNGwQ"},
  {"id": 120, "value": "1nch1KXz"},
  {"id": 529, "value": "rTOndsNX"},
  {"id": 13, "value": "vQ6VmfkQ"},
  {"id": 99, "value": "2QTSzuuy"},
  {"id": 890, "value": "84pNK0eb"},
  {"id": 995, "value": "RIEviAFb"},
  {"id": 9999, "value": "END"}
]}
