Parameter,Value
Param_1,122
Param_2,134
Param_3,905
Param_4,999
Param_5,987
Param_6,479
Param_7,832
Param_8,477
Param_9,942
Param_10,728
Param_11,815
Param_12,986
Param_13,347
Param_14,491
Param_15,695
Param_16,302
Param_17,33
Param_18,125
Param_19,166
Param_20,782
Param_21,456
Param_22,925
Param_23,357
Param_24,331
Param_25,961
Param_26,341
Param_27,82
Param_28,535
Param_29,608
Param_30,145
Param_31,884
Param_32,276
Param_33,118
Param_34,587
Param_35,630
Param_36,396
Param_37,463
Param_38,937
Param_39,614
Param_40,862
Param_41,598
Param_42,311
Param_43,505
Param_44,102
Param_45,747
Param_46,571
Param_47,712
Param_48,158
Param_49,106
Param_50,987
Param_51,952
Param_52,969
Param_53,616
Param_54,790
Param_55,92
Param_56,103
Param_57,617
Param_58,747
Param_59,84
Param_60,27
Param_61,501
Param_62,487
Param_63,265
Param_64,392
Param_65,923
Param_66,688
Param_67,944
Param_68,217
Param_69,136
Param_70,720
Param_71,662
Param_72,21
Param_73,538
Param_74,673
Param_75,157
Param_76,778
Param_77,979
Param_78,793
Param_79,487
Param_80,938
Param_81,888
Param_82,490
Param_83,90
Param_84,724
Param_85,855
Param_86,930
Param_87,883
Param_88,682
Param_89,125
Param_90,235
Param_91,217
Param_92,235
Param_93,294
Param_94,851
Param_95,922
Param_96,342
Param_97,932
Param_98,735
Param_99,346
Param_100,830
