{"data": [
  {"id": 234, "value": "WbVAnsBp"},
  {"id": 644, "value": "ELPEbMPw"},
  {"id": 399, "value": "BGh6ZunX"},
  {"id": 185, "value": "ARVxJzhi"},
  {"id": 169, "value": "pOM8yfX2"},
  {"id": 307, "value": "pYzMwmC8"},
  {"id": 264, "value": "6xVCjRxT"},
  {"id": 24, "value": "lwscDOTe"},
  {"id": 552, "value": "2bfW44xw"},
  {"id": 361, "value": "QDmjJWX3"},
  {"id": 468, "value": "R4ClGDvL"},
  {"id": 313, "value": "FoHRndmT"},
  {"id": 62, "value": "okVMr0T6"},
  {"id": 898, "value": "oulDhYF9"},
  {"id": 645, "value": "xhCo7W3t"},
  {"id": 651, "value": "JO35odCU"},
  {"id": 393, "value": "beowf9Dl"},
  {"id": 179, "value": "GVWzmNU7"},
  {"id": 389, "value": "srUCFZSO"},
  {"id": 397, "value": "UkqSPLgm"},
  {"id": 85, "value": "5FPzsSh0"},
  {"id": 667, "value": "P68TFdzG"},
  {"id": 405, "value": "tEqvMXdX"},
  {"id": 695, "value": "9XpAgLJX"},
  {"id": 423, "value": "hc2SAi2B"},
  {"id": 470, "value": "AJPpJ6X7"},
  {"id": 345, "value": "pBoCGqmp"},
  {"id": 985, "value": "0ptU3crU"},
  {"id": 180, "value": "ad5oasvF"},
  {"id": 911, "value": "rgjEzGh9"},
  {"id": 626, "value": "220NjiqS"},
  {"id": 134, "value": "fD7ysYEi"},
  {"id": 472, "value": "0K6M07Wh"},
  {"id": 399, "value": "WMi7NVpb"},
  {"id": 979, "value": "0U81hm2g"},
  {"id": 331, "value": "WwP3KGlw"},
  {"id": 171, "value": "I86qD6zU"},
  {"id": 964, "value": "78vvkJk9"},
  {"id": 909, "value": "NKNeD9Td"},
  {"id": 491, "value": "cUzwpMqv"},
  {"id": 435, "value": "G2ddHGjU"},
  {"id": 551, "value": "iROkJyy4"},
  {"id": 153, "value": "l8rmstye"},
  {"id": 251, "value": "DPth7CGl"},
  {"id": 738, "value": "GywRaIWg"},
  {"id": 884, "value": "z9YesmOu"},
  {"id": 572, "value": "SI7SaJCj"},
  {"id": 676, "value": "VafXmepf"},
  {"id": 992, "value": "6bgnk0h9"},
  {"id": 858, "value": "xd12FHhq"},
  {"id": 9999, "value": "END"}
]}
