Parameter,Value
Param_1,905
Param_2,479
Param_3,429
Param_4,805
Param_5,461
Param_6,518
Param_7,157
Param_8,549
Param_9,706
Param_10,822
Param_11,36
Param_12,961
Param_13,360
Param_14,59
Param_15,744
Param_16,424
Param_17,654
Param_18,931
Param_19,939
Param_20,129
Param_21,411
Param_22,997
Param_23,42
Param_24,641
Param_25,612
Param_26,820
Param_27,976
Param_28,629
Param_29,777
Param_30,622
Param_31,796
Param_32,753
Param_33,995
Param_34,43
Param_35,303
Param_36,169
Param_37,12
Param_38,479
Param_39,395
Param_40,391
Param_41,217
Param_42,735
Param_43,635
Param_44,755
Param_45,72
Param_46,18
Param_47,92
Param_48,586
Param_49,411
Param_50,804
Param_51,20
Param_52,303
Param_53,289
Param_54,451
Param_55,152
Param_56,431
Param_57,127
Param_58,638
Param_59,938
Param_60,585
Param_61,216
Param_62,394
Param_63,590
Param_64,814
Param_65,799
Param_66,789
Param_67,273
Param_68,62
Param_69,548
Param_70,444
Param_71,826
Param_72,24
Param_73,561
Param_74,977
Param_75,353
Param_76,973
Param_77,814
Param_78,455
Param_79,727
Param_80,801
Param_81,16
Param_82,711
Param_83,552
Param_84,293
Param_85,331
Param_86,378
Param_87,506
Param_88,906
Param_89,509
Param_90,297
Param_91,521
Param_92,974
Param_93,962
Param_94,448
Param_95,493
Param_96,319
Param_97,878
Param_98,500
Param_99,649
Param_100,976
