{"data": [
  {"id": 458, "value": "Eg65T8uU"},
  {"id": 639, "value": "h4osnY2f"},
  {"id": 78, "value": "NnF6Sjoh"},
  {"id": 265, "value": "J2FnLOxC"},
  {"id": 65, "value": "MKQKoH4U"},
  {"id": 585, "value": "8SJ8JBNr"},
  {"id": 685, "value": "oPPJp3gg"},
  {"id": 651, "value": "vOP9s2dp"},
  {"id": 889, "value": "UHZFfjP9"},
  {"id": 488, "value": "KvtnDgH8"},
  {"id": 713, "value": "BEoywKze"},
  {"id": 272, "value": "fgIsvTiZ"},
  {"id": 341, "value": "CT1Qnxc2"},
  {"id": 385, "value": "HDxmLVFD"},
  {"id": 664, "value": "iVDGv7sD"},
  {"id": 329, "value": "PQNaHPFv"},
  {"id": 258, "value": "qTrKysNN"},
  {"id": 960, "value": "w1SV965m"},
  {"id": 722, "value": "PRrGS8M6"},
  {"id": 861, "value": "KUj7O9w7"},
  {"id": 85, "value": "EkSRrE9Q"},
  {"id": 886, "value": "k09KHimB"},
  {"id": 221, "value": "XtUuFdtF"},
  {"id": 167, "value": "WQvjveKq"},
  {"id": 977, "value": "AczAFAKW"},
  {"id": 293, "value": "O0hJubxb"},
  {"id": 834, "value": "i7GegswU"},
  {"id": 594, "value": "MxHdg25y"},
  {"id": 267, "value": "aGP1Fbk4"},
  {"id": 302, "value": "2pA6qweX"},
  {"id": 623, "value": "TdxVO9yX"},
  {"id": 545, "value": "6lvazmau"},
  {"id": 873, "value": "tVZgoJJ0"},
  {"id": 386, "value": "p9SjkLKS"},
  {"id": 299, "value": "CYy2SDwX"},
  {"id": 635, "value": "g5D21GBq"},
  {"id": 321, "value": "n4RmFDhm"},
  {"id": 241, "value": "e8VlUBS7"},
  {"id": 573, "value": "hNSBASAO"},
  {"id": 793, "value": "WlDok4dE"},
  {"id": 582, "value": "05RZLMZs"},
  {"id": 282, "value": "ZKLcE2SD"},
  {"id": 795, "value": "m2OGUY4R"},
  {"id": 473, "value": "BwKIXDHc"},
  {"id": 795, "value": "Z3fizBOc"},
  {"id": 833, "value": "ApFMcLfQ"},
  {"id": 842, "value": "nPXKsk7Q"},
  {"id": 947, "value": "TAQe91YB"},
  {"id": 974, "value": "aYs9x5tf"},
  {"id": 333, "value": "Nw8z8JY8"},
  {"id": 9999, "value": "END"}
]}
