Parameter,Value
Param_1,35
Param_2,690
Param_3,585
Param_4,787
Param_5,218
Param_6,429
Param_7,106
Param_8,856
Param_9,354
Param_10,246
Param_11,378
Param_12,686
Param_13,128
Param_14,407
Param_15,198
Param_16,148
Param_17,118
Param_18,686
Param_19,456
Param_20,480
Param_21,52
Param_22,682
Param_23,489
Param_24,182
Param_25,798
Param_26,725
Param_27,24
Param_28,429
Param_29,586
Param_30,493
Param_31,497
Param_32,669
Param_33,731
Param_34,956
Param_35,391
Param_36,946
Param_37,570
Param_38,146
Param_39,822
Param_40,561
Param_41,880
Param_42,501
Param_43,181
Param_44,293
Param_45,850
Param_46,994
Param_47,47
Param_48,15
Param_49,93
Param_50,498
Param_51,485
Param_52,917
Param_53,219
Param_54,652
Param_55,675
Param_56,79
Param_57,791
Param_58,399
Param_59,450
Param_60,873
Param_61,886
Param_62,391
Param_63,362
Param_64,417
Param_65,676
Param_66,348
Param_67,505
Param_68,783
Param_69,792
Param_70,794
Param_71,890
Param_72,563
Param_73,237
Param_74,634
Param_75,494
Param_76,173
Param_77,525
Param_78,708
Param_79,15
Param_80,289
Param_81,623
Param_82,817
Param_83,446
Param_84,16
Param_85,56
Param_86,833
Param_87,51
Param_88,658
Param_89,751
Param_90,928
Param_91,778
Param_92,885
Param_93,972
Param_94,762
Param_95,714
Param_96,888
Param_97,56
Param_98,54
Param_99,946
Param_100,730
