{"data": [
  {"id": 427, "value": "m4WdLvFa"},
  {"id": 507, "value": "7VNQ53SY"},
  {"id": 47, "value": "NBHG5BQT"},
  {"id": 500, "value": "PGaw9SAM"},
  {"id": 434, "value": "PF09lHE0"},
  {"id": 37, "value": "2JiYBaCj"},
  {"id": 975, "value": "862dN9j4"},
  {"id": 506, "value": "abTvhbiz"},
  {"id": 399, "value": "w1Z6FfmQ"},
  {"id": 562, "value": "qsgozui2"},
  {"id": 615, "value": "7KfbqDyq"},
  {"id": 492, "value": "ga9Id1Je"},
  {"id": 79, "value": "KAS9wxKw"},
  {"id": 196, "value": "pR6nr1yt"},
  {"id": 646, "value": "q8Ba6TvB"},
  {"id": 572, "value": "atb5cx0k"},
  {"id": 269, "value": "VsFD4HXR"},
  {"id": 634, "value": "XEfbofOQ"},
  {"id": 354, "value": "gJnvtwXX"},
  {"id": 880, "value": "Bj1JP9UZ"},
  {"id": 842, "value": "P6NIXBUL"},
  {"id": 324, "value": "JBWD7hgL"},
  {"id": 539, "value": "oHBhUw04"},
  {"id": 353, "value": "igiftlh8"},
  {"id": 286, "value": "jH8Vuzi3"},
  {"id": 462, "value": "lV7C886Z"},
  {"id": 248, "value": "mEIRjrnG"},
  {"id": 535, "value": "rcwSiFdH"},
  {"id": 334, "value": "uM6TLD9j"},
  {"id": 512, "value": "AxmuiQFV"},
  {"id": 18, "value": "KigJhcJQ"},
  {"id": 981, "value": "LDcY2AD8"},
  {"id": 203, "value": "IuoAhmCn"},
  {"id": 813, "value": "Ay3bjCEl"},
  {"id": 305, "value": "wd7hJaLB"},
  {"id": 432, "value": "UOosFuN3"},
  {"id": 345, "value": "ugtYKZ34"},
  {"id": 241, "value": "K9TGbNjd"},
  {"id": 56, "value": "yvRSaGM8"},
  {"id": 423, "value": "FHDx1C4k"},
  {"id": 771, "value": "EHMEO65r"},
  {"id": 371, "value": "W02bfaoZ"},
  {"id": 837, "value": "8c8HjxSV"},
  {"id": 793, "value": "kWKqpirn"},
  {"id": 968, "value": "aY8Gowp6"},
  {"id": 966, "value": "JJzo0nFu"},
  {"id": 643, "value": "ADut2CVP"},
  {"id": 893, "value": "yz76UFyM"},
  {"id": 968, "value": "A8cQPn77"},
  {"id": 996, "value": "GQH1AQ9E"},
  {"id": 9999, "value": "END"}
]}
