{"data": [
  {"id": 364, "value": "hpXuopST"},
  {"id": 331, "value": "XlSxX4d8"},
  {"id": 187, "value": "gkDgQzej"},
  {"id": 518, "value": "Pu8Wpgnf"},
  {"id": 217, "value": "7FEuSZjD"},
  {"id": 366, "value": "91vRBTNy"},
  {"id": 413, "value": "5XFjGDoh"},
  {"id": 339, "value": "OIlcjy41"},
  {"id": 904, "value": "8qn7Z6SV"},
  {"id": 360, "value": "k7kzynxt"},
  {"id": 125, "value": "Poj4QTKH"},
  {"id": 708, "value": "75iknjiX"},
  {"id": 665, "value": "SBwCatrc"},
  {"id": 992, "value": "20qyOAS8"},
  {"id": 205, "value": "TbKCmHeG"},
  {"id": 537, "value": "zGuTpxcZ"},
  {"id": 853, "value": "ytIIcbGR"},
  {"id": 157, "value": "4hzKRCq6"},
  {"id": 11, "value": "wOOsDBIU"},
  {"id": 345, "value": "rsprq2j2"},
  {"id": 546, "value": "dLaevO2c"},
  {"id": 543, "value": "Cd4GZ98z"},
  {"id": 989, "value": "dxHIEU8D"},
  {"id": 38, "value": "pRYAcfcA"},
  {"id": 797, "value": "Fo53eiSP"},
  {"id": 71, "value": "ss8xs0aI"},
  {"id": 190, "value": "WGmv20ib"},
  {"id": 744, "value": "RdbNVNpV"},
  {"id": 123, "value": "fJdkjgTO"},
  {"id": 619, "value": "hOWgtzuo"},
  {"id": 776, "value": "c04dzhP5"},
  {"id": 46, "value": "6mofMy6q"},
  {"id": 578, "value": "BcmH2Hed"},
  {"id": 537, "value": "iIMuVDun"},
  {"id": 311, "value": "gpule3Az"},
  {"id": 178, "value": "wXf2ZhVo"},
  {"id": 748, "value": "Tn8JVLII"},
  {"id": 666, "value": "cT9ehS7O"},
  {"id": 803, "value": "I7XYqGeX"},
  {"id": 203, "value": "ejI4bL1M"},
  {"id": 517, "value": "Z3OF31fR"},
  {"id": 921, "value": "bLrkuAz0"},
  {"id": 831, "value": "5cedX1As"},
  {"id": 31, "value": "Xah44c5w"},
  {"id": 135, "value": "DQdEHlRg"},
  {"id": 767, "value": "fplCTtFZ"},
  {"id": 199, "value": "xqCTRdU8"},
  {"id": 211, "value": "wMDfK8HC"},
  {"id": 466, "value": "mkWwott2"},
  {"id": 798, "value": "g9eSxJxu"},
  {"id": 9999, "value": "END"}
]}
