Parameter,Value
Param_1,3
Param_2,135
Param_3,352
Param_4,11
Param_5,971
Param_6,399
Param_7,671
Param_8,452
Param_9,747
Param_10,800
Param_11,352
Param_12,609
Param_13,194
Param_14,23
Param_15,343
Param_16,185
Param_17,80
Param_18,673
Param_19,646
Param_20,443
Param_21,249
Param_22,291
Param_23,706
Param_24,226
Param_25,371
Param_26,572
Param_27,234
Param_28,153
Param_29,791
Param_30,14
Param_31,222
Param_32,648
Param_33,331
Param_34,726
Param_35,467
Param_36,301
Param_37,421
Param_38,132
Param_39,736
Param_40,969
Param_41,705
Param_42,712
Param_43,379
Param_44,54
Param_45,608
Param_46,358
Param_47,417
Param_48,93
Param_49,786
Param_50,905
Param_51,572
Param_52,805
Param_53,926
Param_54,141
Param_55,195
Param_56,241
Param_57,586
Param_58,218
Param_59,562
Param_60,911
Param_61,335
Param_62,357
Param_63,816
Param_64,47
Param_65,21
Param_66,410
Param_67,677
Param_68,369
Param_69,209
Param_70,353
Param_71,523
Param_72,447
Param_73,852
Param_74,213
Param_75,633
Param_76,899
Param_77,141
Param_78,550
Param_79,92
Param_80,473
Param_81,400
Param_82,822
Param_83,822
Param_84,348
Param_85,533
Param_86,374
Param_87,246
Param_88,408
Param_89,806
Param_90,865
Param_91,819
Param_92,947
Param_93,108
Param_94,431
Param_95,814
Param_96,344
Param_97,227
Param_98,500
Param_99,601
Param_100,129
