{"data": [
  {"id": 188, "value": "71cNsDhW"},
  {"id": 730, "value": "k1HLW4Lf"},
  {"id": 43, "value": "FVfc23ea"},
  {"id": 725, "value": "CiGbAZ1M"},
  {"id": 473, "value": "SB0QlzvV"},
  {"id": 766, "value": "9QkGkRoD"},
  {"id": 598, "value": "T9f9Ly8a"},
  {"id": 792, "value": "pkV2sQwj"},
  {"id": 753, "value": "CHu6dRj6"},
  {"id": 162, "value": "IhzbOqH1"},
  {"id": 145, "value": "IammAdOD"},
  {"id": 241, "value": "vIA1ZylL"},
  {"id": 39, "value": "w6IMmu1T"},
  {"id": 245, "value": "XzMPPybJ"},
  {"id": 666, "value": "Q8m653HO"},
  {"id": 360, "value": "Pjh04lPb"},
  {"id": 969, "value": "8lGX4U97"},
  {"id": 549, "value": "1Dl667N1"},
  {"id": 584, "value": "204Fgsl3"},
  {"id": 158, "value": "WzstYeGz"},
  {"id": 302, "value": "Pyyo8JoE"},
  {"id": 770, "value": "AyPIV2E0"},
  {"id": 12, "value": "qdMnqn54"},
  {"id": 255, "value": "vGH9O5jA"},
  {"id": 93, "value": "3G8FYrWA"},
  {"id": 666, "value": "UxpNVNzQ"},
  {"id": 954, "value": "VLU5OdqI"},
  {"id": 217, "value": "ha0xrcKA"},
  {"id": 995, "value": "Rnn8PlGA"},
  {"id": 865, "value": "SjZdaEXb"},
  {"id": 740, "value": "vAlS2Pkh"},
  {"id": 830, "value": "RctozOOJ"},
  {"id": 528, "value": "AXks7uT2"},
  {"id": 998, "value": "JVViJkOi"},
  {"id": 644, "value": "l1TGyuoJ"},
  {"id": 301, "value": "BXwj8vNa"},
  {"id": 110, "value": "JnQC0kE9"},
  {"id": 290, "value": "8mnE3NCR"},
  {"id": 247, "value": "xnEhrpgH"},
  {"id": 127, "value": "qD9g22mc"},
  {"id": 987, "value": "5FakE1jI"},
  {"id": 75, "value": "xx2rOqXj"},
  {"id": 685, "value": "hiZZCdku"},
  {"id": 111, "value": "oNigbXV4"},
  {"id": 103, "value": "2Ycpn0hc"},
  {"id": 188, "value": "vytKqlsk"},
  {"id": 699, "value": "PYB4cGl4"},
  {"id": 587, "value": "3SCYf86A"},
  {"id": 43, "value": "D16OrbGu"},
  {"id": 11, "value": "PSDDXwQA"},
  {"id": 9999, "value": "END"}
]}
