{"data": [
  {"id": 801, "value": "Z3ZqKk8C"},
  {"id": 376, "value": "arqbk4BG"},
  {"id": 271, "value": "pbXHNKY9"},
  {"id": 312, "value": "x3CI1scQ"},
  {"id": 516, "value": "DebG2FTb"},
  {"id": 954, "value": "UlMzafa4"},
  {"id": 426, "value": "wOy7249Q"},
  {"id": 153, "value": "RJ3y1v3w"},
  {"id": 221, "value": "T1sQ08Rt"},
  {"id": 669, "value": "3ki4pZNq"},
  {"id": 368, "value": "bCg7lhyS"},
  {"id": 856, "value": "0DSuYh9I"},
  {"id": 176, "value": "ZBStJBtJ"},
  {"id": 958, "value": "Z3crVUsX"},
  {"id": 643, "value": "pU0WU7Hp"},
  {"id": 930, "value": "oPcA35ZG"},
  {"id": 220, "value": "dMj64TGW"},
  {"id": 216, "value": "ogiBuh7v"},
  {"id": 370, "value": "M0MeaSXd"},
  {"id": 359, "value": "3avUKlvW"},
  {"id": 482, "value": "T2cd2cAA"},
  {"id": 298, "value": "NzduuPiy"},
  {"id": 278, "value": "jGU3DVDT"},
  {"id": 785, "value": "jCuowaWJ"},
  {"id": 645, "value": "gv1lgTI4"},
  {"id": 443, "value": "56ECrU91"},
  {"id": 917, "value": "1vTyPcSO"},
  {"id": 628, "value": "weTRCUYz"},
  {"id": 364, "value": "9T8ZLVIb"},
  {"id": 248, "value": "LZ3nsqff"},
  {"id": 254, "value": "zfmWgMat"},
  {"id": 231, "value": "SSa9haOj"},
  {"id": 504, "value": "rkCpiUpH"},
  {"id": 250, "value": "v67NGImp"},
  {"id": 47, "value": "4qh4euAq"},
  {"id": 804, "value": "GUvUzxCv"},
  {"id": 143, "value": "MGkyhMWE"},
  {"id": 802, "value": "4uYv3cJr"},
  {"id": 352, "value": "TIj7jGtS"},
  {"id": 319, "value": "nryKqjED"},
  {"id": 881, "value": "jLQFAXlq"},
  {"id": 381, "value": "u19JpK2J"},
  {"id": 6, "value": "aiDB5AUz"},
  {"id": 216, "value": "ERXrewU6"},
  {"id": 887, "value": "rnY0A3KG"},
  {"id": 585, "value": "U8a5ZZlW"},
  {"id": 721, "value": "pclsLBGd"},
  {"id": 431, "value": "LL4Pf96C"},
  {"id": 535, "value": "VhLFlzft"},
  {"id": 716, "value": "TYZK4iLD"},
  {"id": 9999, "value": "END"}
]}
