{"data": [
  {"id": 611, "value": "JhiUf0Ch"},
  {"id": 946, "value": "TJP2ltgd"},
  {"id": 843, "value": "2hm6Ccnh"},
  {"id": 229, "value": "zv6UbiJU"},
  {"id": 929, "value": "qXLghg3p"},
  {"id": 844, "value": "1MJ5H2ro"},
  {"id": 119, "value": "JFhN968I"},
  {"id": 931, "value": "NNw1dOCn"},
  {"id": 55, "value": "sB304ia1"},
  {"id": 288, "value": "CIu0k0pc"},
  {"id": 351, "value": "62tLypXn"},
  {"id": 961, "value": "uJHRBiU1"},
  {"id": 600, "value": "NP1e1zjW"},
  {"id": 541, "value": "68GVJYZM"},
  {"id": 526, "value": "FTDJuudD"},
  {"id": 183, "value": "u5NhwKhM"},
  {"id": 386, "value": "gzl47tk0"},
  {"id": 122, "value": "UCyKtmmd"},
  {"id": 752, "value": "eH3dMDgn"},
  {"id": 732, "value": "5azMBXPu"},
  {"id": 424, "value": "8QQdpFcU"},
  {"id": 66, "value": "h9aJClPH"},
  {"id": 86, "value": "niYjgzyl"},
  {"id": 217, "value": "Ca9hsrjM"},
  {"id": 639, "value": "gncgJMlU"},
  {"id": 792, "value": "6mzEvtv1"},
  {"id": 286, "value": "KFZBuxtu"},
  {"id": 333, "value": "KL6sOzlu"},
  {"id": 914, "value": "yIxz5XC3"},
  {"id": 794, "value": "1Tvki4y0"},
  {"id": 173, "value": "dg2GIv6e"},
  {"id": 787, "value": "0wTzT5OM"},
  {"id": 45, "value": "vQ2ZOtWM"},
  {"id": 324, "value": "f6BbcJE8"},
  {"id": 532, "value": "SkGCTgFL"},
  {"id": 541, "value": "uQnMNSVu"},
  {"id": 470, "value": "VneHG3Jt"},
  {"id": 730, "value": "JJ00NXKw"},
  {"id": 812, "value": "Tl5Sgo7k"},
  {"id": 857, "value": "1jdLHAiM"},
  {"id": 806, "value": "r52UwAJu"},
  {"id": 82, "value": "tttbU5WF"},
  {"id": 812, "value": "xEC1RiOq"},
  {"id": 476, "value": "o4Rwunqj"},
  {"id": 338, "value": "gbcYtM7E"},
  {"id": 355, "value": "6iFsy3tI"},
  {"id": 850, "value": "aFARLZgt"},
  {"id": 755, "value": "KS3SAjhN"},
  {"id": 985, "value": "evjHXGZN"},
  {"id": 832, "value": "nNqWJMvU"},
  {"id": 9999, "value": "END"}
]}
