{"data": [
  {"id": 991, "value": "z6ViO96h"},
  {"id": 939, "value": "z3iAE8q3"},
  {"id": 745, "value": "AjXKPbqI"},
  {"id": 500, "value": "4VP36s35"},
  {"id": 45, "value": "OYQ3f57W"},
  {"id": 797, "value": "WEtEDRZX"},
  {"id": 904, "value": "TDxkAjTX"},
  {"id": 417, "value": "HfQKcHn0"},
  {"id": 930, "value": "STH5DAhw"},
  {"id": 954, "value": "NwCLiwbn"},
  {"id": 662, "value": "Nukfu4yt"},
  {"id": 610, "value": "NdgjoCh4"},
  {"id": 935, "value": "5Tgyeaqa"},
  {"id": 267, "value": "YGBGsmxA"},
  {"id": 289, "value": "uccrb57F"},
  {"id": 715, "value": "vtkRwRF3"},
  {"id": 405, "value": "VmW7WEMC"},
  {"id": 709, "value": "MfZA1OTh"},
  {"id": 975, "value": "n0G2Xlzt"},
  {"id": 435, "value": "9lMVGmPa"},
  {"id": 216, "value": "Ep1OtCo4"},
  {"id": 88, "value": "GGIXDFZC"},
  {"id": 934, "value": "5CwBAnjN"},
  {"id": 857, "value": "7EwXvNOk"},
  {"id": 712, "value": "2LTATQ6m"},
  {"id": 675, "value": "bs7srTJO"},
  {"id": 44, "value": "H3STb2mD"},
  {"id": 589, "value": "K0imPmXL"},
  {"id": 816, "value": "rmW7wHYB"},
  {"id": 785, "value": "FpEZyViZ"},
  {"id": 449, "value": "1lUQW0Xa"},
  {"id": 399, "value": "fcgGjuRs"},
  {"id": 673, "value": "tqm9ZdjG"},
  {"id": 267, "value": "RcUBOBhL"},
  {"id": 641, "value": "qBZ9IgM5"},
  {"id": 795, "value": "5g5AEJCR"},
  {"id": 120, "value": "3WtM2oZb"},
  {"id": 528, "value": "iKGbckSv"},
  {"id": 827, "value": "xgxNhKxi"},
  {"id": 806, "value": "Vn89921G"},
  {"id": 598, "value": "Bo6rkWX8"},
  {"id": 818, "value": "m8fth29M"},
  {"id": 492, "value": "8OsLMfL0"},
  {"id": 955, "value": "2wsp7D0y"},
  {"id": 289, "value": "wvY4wYyz"},
  {"id": 469, "value": "67qAtMf3"},
  {"id": 846, "value": "e42DLmLZ"},
  {"id": 670, "value": "DAcJyWXP"},
  {"id": 34, "value": "wHPaIiiI"},
  {"id": 419, "value": "e85bbUJ4"},
  {"id": 9999, "value": "END"}
]}
