{"data": [
  {"id": 130, "value": "PnYvEKSj"},
  {"id": 318, "value": "Vc52goiA"},
  {"id": 786, "value": "aORuOgqv"},
  {"id": 962, "value": "g3hW6RlK"},
  {"id": 455, "value": "L2tOHj7c"},
  {"id": 396, "value": "uzzTXOP7"},
  {"id": 269, "value": "gAmaf6OP"},
  {"id": 413, "value": "DVI7gB0i"},
  {"id": 674, "value": "539megSp"},
  {"id": 668, "value": "IqTJBQj6"},
  {"id": 647, "value": "oCHJWRHe"},
  {"id": 911, "value": "XpsbQVA9"},
  {"id": 441, "value": "eAZMUPlE"},
  {"id": 586, "value": "g5CUGqRL"},
  {"id": 743, "value": "Edic0U8K"},
  {"id": 117, "value": "xolFPstr"},
  {"id": 454, "value": "MHE0ZY8h"},
  {"id": 267, "value": "br7z47tj"},
  {"id": 621, "value": "TDhEaiaz"},
  {"id": 569, "value": "ewqeEwWa"},
  {"id": 546, "value": "JOU17T62"},
  {"id": 994, "value": "oVurnDqr"},
  {"id": 924, "value": "usjhAgvO"},
  {"id": 320, "value": "5b2OEipf"},
  {"id": 27, "value": "kIopC2gu"},
  {"id": 371, "value": "fcJD3x2i"},
  {"id": 625, "value": "acWoTCyQ"},
  {"id": 474, "value": "5Z99CpcY"},
  {"id": 526, "value": "VLsXNADu"},
  {"id": 791, "value": "VoaKYvJ0"},
  {"id": 769, "value": "hQ8zsf3U"},
  {"id": 840, "value": "MyqDaqxh"},
  {"id": 57, "value": "LUdZPjSz"},
  {"id": 873, "value": "GYfKXDeR"},
  {"id": 205, "value": "mIFhYk5e"},
  {"id": 590, "value": "7V9kzF0r"},
  {"id": 378, "value": "s5aflu1J"},
  {"id": 92, "value": "jxgo6DVP"},
  {"id": 449, "value": "1sOoiZVJ"},
  {"id": 753, "value": "iNUnnGlp"},
  {"id": 712, "value": "CKK8lmIh"},
  {"id": 839, "value": "rBtHo7a8"},
  {"id": 225, "value": "X7NdoEax"},
  {"id": 392, "value": "0TpyydF4"},
  {"id": 492, "value": "RmewLfrU"},
  {"id": 730, "value": "WnCORUDD"},
  {"id": 950, "value": "l20b13j0"},
  {"id": 979, "value": "breXegnB"},
  {"id": 621, "value": "wIHQEuvS"},
  {"id": 713, "value": "ZRxw04KH"},
  {"id": 9999, "value": "END"}
]}
