{"data": [
  {"id": 279, "value": "uiHgELF3"},
  {"id": 433, "value": "ll0r77ik"},
  {"id": 197, "value": "NIwq3gY6"},
  {"id": 918, "value": "U68WWWKy"},
  {"id": 338, "value": "5tcJfYFm"},
  {"id": 811, "value": "5apJDLKv"},
  {"id": 366, "value": "XcSdUgFP"},
  {"id": 676, "value": "NwNZrah5"},
  {"id": 790, "value": "aR2Ex9vE"},
  {"id": 367, "value": "HZhPs0b1"},
  {"id": 243, "value": "bfkPXa0E"},
  {"id": 282, "value": "mSZS8p5C"},
  {"id": 365, "value": "HnuLse3H"},
  {"id": 592, "value": "OUId9nqZ"},
  {"id": 139, "value": "6aW4nzrm"},
  {"id": 322, "value": "V1c7fVq0"},
  {"id": 319, "value": "WtqN0L3M"},
  {"id": 226, "value": "3vvwcbQM"},
  {"id": 868, "value": "dvBhzdZO"},
  {"id": 805, "value": "SUDIlOY8"},
  {"id": 740, "value": "8PILv6ks"},
  {"id": 864, "value": "6LRJIKBN"},
  {"id": 704, "value": "rvm0sGxw"},
  {"id": 361, "value": "Szh6IaVV"},
  {"id": 712, "value": "0cqjS0mQ"},
  {"id": 656, "value": "tqOmUzal"},
  {"id": 269, "value": "NDKV7BAV"},
  {"id": 236, "value": "jQuEOnrB"},
  {"id": 226, "value": "0LvlT6By"},
  {"id": 215, "value": "05l6IpXd"},
  {"id": 55, "value": "UoqGEXwv"},
  {"id": 344, "value": "qBsffHPT"},
  {"id": 980, "value": "rvRLtkJ0"},
  {"id": 235, "value": "VqnAmQEi"},
  {"id": 833, "value": "FfvxjwUi"},
  {"id": 538, "value": "yeR0otxu"},
  {"id": 670, "value": "UlYRPOUq"},
  {"id": 155, "value": "ZwLUEBxc"},
  {"id": 9, "value": "d3j4EqNM"},
  {"id": 736, "value": "eVtkdtey"},
  {"id": 937, "value": "hBIDQavt"},
  {"id": 552, "value": "6USczy2a"},
  {"id": 653, "value": "rTEHUBUw"},
  {"id": 633, "value": "BRrfrCAu"},
  {"id": 733, "value": "5HOyuMlx"},
  {"id": 272, "value": "0xFt4nTi"},
  {"id": 460, "value": "NjLEczkv"},
  {"id": 69, "value": "OhHSze9S"},
  {"id": 305, "value": "j2fo7GF7"},
  {"id": 780, "value": "T1yojpi8"},
  {"id": 9999, "value": "END"}
]}
