Parameter,Value
Param_1,723
Param_2,167
Param_3,357
Param_4,289
Param_5,902
Param_6,969
Param_7,599
Param_8,838
Param_9,910
Param_10,975
Param_11,238
Param_12,886
Param_13,174
Param_14,285
Param_15,206
Param_16,528
Param_17,901
Param_18,847
Param_19,843
Param_20,647
Param_21,311
Param_22,733
Param_23,204
Param_24,415
Param_25,891
Param_26,836
Param_27,10
Param_28,348
Param_29,891
Param_30,281
Param_31,936
Param_32,192
Param_33,334
Param_34,20
Param_35,830
Param_36,165
Param_37,526
Param_38,606
Param_39,346
Param_40,781
Param_41,310
Param_42,942
Param_43,905
Param_44,999
Param_45,392
Param_46,582
Param_47,395
Param_48,768
Param_49,637
Param_50,658
Param_51,371
Param_52,893
Param_53,346
Param_54,177
Param_55,610
Param_56,237
Param_57,327
Param_58,956
Param_59,659
Param_60,175
Param_61,675
Param_62,648
Param_63,855
Param_64,943
Param_65,238
Param_66,530
Param_67,852
Param_68,786
Param_69,739
Param_70,171
Param_71,847
Param_72,400
Param_73,167
Param_74,430
Param_75,38
Param_76,314
Param_77,134
Param_78,383
Param_79,351
Param_80,157
Param_81,700
Param_82,147
Param_83,927
Param_84,372
Param_85,511
Param_86,656
Param_87,892
Param_88,567
Param_89,131
Param_90,585
Param_91,143
Param_92,924
Param_93,443
Param_94,778
Param_95,753
Param_96,77
Param_97,500
Param_98,555
Param_99,973
Param_100,237
