{"data": [
  {"id": 858, "value": "lTDUbRum"},
  {"id": 118, "value": "8Uqo45Mq"},
  {"id": 415, "value": "dEU4KvqI"},
  {"id": 141, "value": "6UbLXao6"},
  {"id": 460, "value": "q7zMxdvC"},
  {"id": 60, "value": "7m0ajPC0"},
  {"id": 810, "value": "VW2QQImw"},
  {"id": 34, "value": "6bm3mQLB"},
  {"id": 975, "value": "r2poHUKJ"},
  {"id": 90, "value": "8Vnf3yLf"},
  {"id": 474, "value": "qwQQzDqi"},
  {"id": 816, "value": "7OHtLyXC"},
  {"id": 211, "value": "5SbDGkIR"},
  {"id": 216, "value": "4mKICGJn"},
  {"id": 89, "value": "8i5bTwp8"},
  {"id": 332, "value": "TQMhPkhq"},
  {"id": 621, "value": "JNBPxoW0"},
  {"id": 267, "value": "0V5E5CE2"},
  {"id": 318, "value": "J1Ez6YI8"},
  {"id": 886, "value": "FG7r0gZA"},
  {"id": 708, "value": "v0RXTLfS"},
  {"id": 891, "value": "exJwONwi"},
  {"id": 973, "value": "Xy0ZKjc3"},
  {"id": 988, "value": "OMYMvAB9"},
  {"id": 378, "value": "w5ud7Flm"},
  {"id": 710, "value": "Rxlne1lb"},
  {"id": 602, "value": "qoPix3pw"},
  {"id": 469, "value": "Gq2cBorh"},
  {"id": 50, "value": "6tZFvD1Z"},
  {"id": 241, "value": "zO1rTOdA"},
  {"id": 225, "value": "E18PcTlw"},
  {"id": 942, "value": "krBxWPKV"},
  {"id": 493, "value": "8FkSjIol"},
  {"id": 716, "value": "ir34KIUD"},
  {"id": 189, "value": "A3GpWU3O"},
  {"id": 18, "value": "UVVH4HUc"},
  {"id": 283, "value": "4VqMgPXc"},
  {"id": 6, "value": "KnQUeTDV"},
  {"id": 325, "value": "oMHfZPA1"},
  {"id": 213, "value": "CLi0Mnel"},
  {"id": 775, "value": "PBW5iJZT"},
  {"id": 153, "value": "uEo37Ida"},
  {"id": 164, "value": "HwGkaGhE"},
  {"id": 310, "value": "cTQ5K7Su"},
  {"id": 540, "value": "IXK5zLEw"},
  {"id": 451, "value": "hOZKEONn"},
  {"id": 860, "value": "rdIe9trm"},
  {"id": 992, "value": "FEAhNUS1"},
  {"id": 751, "value": "xJqRMk51"},
  {"id": 811, "value": "5NOomSp2"},
  {"id": 9999, "value": "END"}
]}
