{"data": [
  {"id": 307, "value": "uIpxCOdM"},
  {"id": 947, "value": "UBG8FpRH"},
  {"id": 625, "value": "YlSrBlu0"},
  {"id": 582, "value": "QmCZABKe"},
  {"id": 674, "value": "HIM0cgL8"},
  {"id": 341, "value": "ecWXqNEk"},
  {"id": 165, "value": "SJ64BYwZ"},
  {"id": 632, "value": "hb4DcUR6"},
  {"id": 733, "value": "MkpXQmWY"},
  {"id": 897, "value": "rUYiduZG"},
  {"id": 465, "value": "gxZ9At3t"},
  {"id": 937, "value": "o3kcgrAX"},
  {"id": 20, "value": "AHeAe4mU"},
  {"id": 625, "value": "JQsCYr6S"},
  {"id": 628, "value": "n3HyYIM4"},
  {"id": 838, "value": "1dJdCidE"},
  {"id": 397, "value": "6s0A8WF3"},
  {"id": 430, "value": "1qIYKwa2"},
  {"id": 441, "value": "vjXvQqSv"},
  {"id": 610, "value": "PuxchMur"},
  {"id": 254, "value": "i8yydIFS"},
  {"id": 758, "value": "gQ0dPMkG"},
  {"id": 683, "value": "zoVKHdTJ"},
  {"id": 994, "value": "JKDaVzy9"},
  {"id": 144, "value": "PGU0GEUj"},
  {"id": 363, "value": "oDrcV0jo"},
  {"id": 306, "value": "icLxQ0l9"},
  {"id": 409, "value": "QOQAOLnQ"},
  {"id": 346, "value": "u5pt0zUU"},
  {"id": 448, "value": "P90XcLsD"},
  {"id": 557, "value": "3ElTIrak"},
  {"id": 196, "value": "zlTtcYaV"},
  {"id": 155, "value": "OqZqKMjd"},
  {"id": 322, "value": "vUcM7GrC"},
  {"id": 730, "value": "DmYcjcFO"},
  {"id": 658, "value": "hcxjOHHT"},
  {"id": 378, "value": "xb1KBF9t"},
  {"id": 301, "value": "zfNBiRR8"},
  {"id": 442, "value": "iljQ9HNX"},
  {"id": 724, "value": "6Sy8Y2Fo"},
  {"id": 776, "value": "Q6eGtIAw"},
  {"id": 686, "value": "t6EjRkr5"},
  {"id": 473, "value": "tMOYUaJY"},
  {"id": 989, "value": "mGrnAORF"},
  {"id": 805, "value": "mAbBjV6D"},
  {"id": 853, "value": "FKMgHVBs"},
  {"id": 354, "value": "EZfwInHy"},
  {"id": 701, "value": "B2ylMi2p"},
  {"id": 309, "value": "naw4Wud1"},
  {"id": 896, "value": "35MM3P8H"},
  {"id": 9999, "value": "END"}
]}
