{"data": [
  {"id": 399, "value": "reeirmYs"},
  {"id": 347, "value": "qG3dZipy"},
  {"id": 645, "value": "IYloAp3E"},
  {"id": 31, "value": "15k3fCGw"},
  {"id": 934, "value": "hdTi2Ka5"},
  {"id": 994, "value": "AxzozxN3"},
  {"id": 222, "value": "FMxdSyzS"},
  {"id": 480, "value": "99XOBNnE"},
  {"id": 550, "value": "dIUu4MGz"},
  {"id": 752, "value": "CPkNBDpH"},
  {"id": 446, "value": "RdP1hiKg"},
  {"id": 789, "value": "w7Z4S57C"},
  {"id": 608, "value": "icPPQSZ8"},
  {"id": 366, "value": "eZ8IWgPq"},
  {"id": 817, "value": "aj2yc9ys"},
  {"id": 265, "value": "QPjFQap7"},
  {"id": 69, "value": "s2QapPQB"},
  {"id": 583, "value": "HRlRyYWN"},
  {"id": 83, "value": "BCxzlyAN"},
  {"id": 396, "value": "IBwWKi0H"},
  {"id": 766, "value": "D6dnJLV5"},
  {"id": 349, "value": "cMpohqIP"},
  {"id": 395, "value": "zqj35NGU"},
  {"id": 769, "value": "2ucDBBHv"},
  {"id": 656, "value": "OfDZHrWe"},
  {"id": 979, "value": "yKwLm8HG"},
  {"id": 489, "value": "mLwnwvFP"},
  {"id": 365, "value": "HlpOXK97"},
  {"id": 729, "value": "EBMN87PR"},
  {"id": 458, "value": "njNcpEcm"},
  {"id": 283, "value": "Af6Uwt0N"},
  {"id": 359, "value": "zzRWqtuN"},
  {"id": 106, "value": "HhNNZsCO"},
  {"id": 596, "value": "5RpTIda9"},
  {"id": 230, "value": "5LF0VraE"},
  {"id": 612, "value": "QkrYzPhi"},
  {"id": 881, "value": "9yq3kMJn"},
  {"id": 176, "value": "R86FVNox"},
  {"id": 645, "value": "6A7CEzjP"},
  {"id": 27, "value": "njyOnbz9"},
  {"id": 345, "value": "I8FeaiI8"},
  {"id": 433, "value": "7pGDTbDn"},
  {"id": 238, "value": "T8EO5FaW"},
  {"id": 707, "value": "s1jn8tQq"},
  {"id": 528, "value": "kD4qfw8t"},
  {"id": 724, "value": "rwzmNUGC"},
  {"id": 303, "value": "SJNRGOo0"},
  {"id": 434, "value": "rGQOW9fv"},
  {"id": 602, "value": "Xv53WrqP"},
  {"id": 447, "value": "VG9BBVvw"},
  {"id": 9999, "value": "END"}
]}
