Parameter,Value
Param_1,873
Param_2,954
Param_3,289
Param_4,19
Param_5,760
Param_6,511
Param_7,136
Param_8,119
Param_9,275
Param_10,69
Param_11,741
Param_12,861
Param_13,133
Param_14,59
Param_15,529
Param_16,302
Param_17,157
Param_18,960
Param_19,480
Param_20,232
Param_21,843
Param_22,300
Param_23,771
Param_24,346
Param_25,890
Param_26,697
Param_27,756
Param_28,942
Param_29,532
Param_30,33
Param_31,852
Param_32,919
Param_33,526
Param_34,120
Param_35,757
Param_36,511
Param_37,813
Param_38,143
Param_39,389
Param_40,108
Param_41,726
Param_42,910
Param_43,298
Param_44,654
Param_45,314
Param_46,379
Param_47,541
Param_48,898
Param_49,145
Param_50,489
Param_51,799
Param_52,796
Param_53,812
Param_54,766
Param_55,1
Param_56,229
Param_57,809
Param_58,8
Param_59,396
Param_60,143
Param_61,142
Param_62,242
Param_63,822
Param_64,464
Param_65,884
Param_66,65
Param_67,990
Param_68,446
Param_69,361
Param_70,586
Param_71,790
Param_72,736
Param_73,56
Param_74,868
Param_75,3
Param_76,809
Param_77,228
Param_78,137
Param_79,107
Param_80,874
Param_81,352
Param_82,472
Param_83,45
Param_84,910
Param_85,725
Param_86,322
Param_87,541
Param_88,905
Param_89,585
Param_90,210
Param_91,846
Param_92,536
Param_93,195
Param_94,995
Param_95,351
Param_96,926
Param_97,783
Param_98,357
Param_99,305
Param_100,363
