{"data": [
  {"id": 267, "value": "zA1OG73j"},
  {"id": 87, "value": "9cKnqu3H"},
  {"id": 899, "value": "m0mMGERV"},
  {"id": 806, "value": "gFum6QVw"},
  {"id": 263, "value": "ThF79vPg"},
  {"id": 319, "value": "uL7nex0M"},
  {"id": 899, "value": "kxJ6P8oV"},
  {"id": 578, "value": "Jsc8QoTM"},
  {"id": 935, "value": "jg5LAYt4"},
  {"id": 567, "value": "lv2zXFiX"},
  {"id": 278, "value": "M2UDmkun"},
  {"id": 344, "value": "I57N3MFP"},
  {"id": 839, "value": "Mp4rHvcd"},
  {"id": 660, "value": "lPssVYeS"},
  {"id": 121, "value": "YQCJx16B"},
  {"id": 233, "value": "RopqZdky"},
  {"id": 864, "value": "vXneOzRa"},
  {"id": 473, "value": "FVn5VhtS"},
  {"id": 760, "value": "GMeMIpXr"},
  {"id": 407, "value": "1leiiVrS"},
  {"id": 350, "value": "co8XaA8p"},
  {"id": 332, "value": "KHTk7uuS"},
  {"id": 817, "value": "W0vwbVdh"},
  {"id": 299, "value": "8wdi3NsS"},
  {"id": 412, "value": "PK6vYcDx"},
  {"id": 792, "value": "8ci3kQ3g"},
  {"id": 260, "value": "Ure3F2M9"},
  {"id": 58, "value": "6XcjwUvY"},
  {"id": 50, "value": "mBNBXp3I"},
  {"id": 154, "value": "xvvGSKZI"},
  {"id": 598, "value": "vYfbMgQL"},
  {"id": 549, "value": "31PmyqCb"},
  {"id": 67, "value": "eyX7RZfN"},
  {"id": 385, "value": "Jeo3axlC"},
  {"id": 323, "value": "pd9FRcgr"},
  {"id": 306, "value": "DBnp4Bwb"},
  {"id": 958, "value": "rWVGrMpy"},
  {"id": 847, "value": "SDPgApIY"},
  {"id": 61, "value": "VZ1EB2sF"},
  {"id": 890, "value": "EOEToFg9"},
  {"id": 140, "value": "Lzu0CpgY"},
  {"id": 143, "value": "i2LeqAGw"},
  {"id": 660, "value": "MK5mSgxy"},
  {"id": 166, "value": "UVyxjFRG"},
  {"id": 288, "value": "fJwCKVTz"},
  {"id": 252, "value": "ZUinqsgH"},
  {"id": 219, "value": "RyUrEREu"},
  {"id": 280, "value": "TN1qcjMa"},
  {"id": 878, "value": "NIviiOvI"},
  {"id": 74, "value": "e141tHI7"},
  {"id": 9999, "value": "END"}
]}
