Parameter,Value
Param_1,318
Param_2,944
Param_3,581
Param_4,841
Param_5,477
Param_6,123
Param_7,140
Param_8,112
Param_9,121
Param_10,947
Param_11,161
Param_12,854
Param_13,552
Param_14,201
Param_15,783
Param_16,284
Param_17,164
Param_18,175
Param_19,635
Param_20,291
Param_21,581
Param_22,878
Param_23,950
Param_24,680
Param_25,82
Param_26,222
Param_27,505
Param_28,4
Param_29,856
Param_30,718
Param_31,32
Param_32,688
Param_33,843
Param_34,781
Param_35,482
Param_36,34
Param_37,92
Param_38,692
Param_39,748
Param_40,31
Param_41,517
Param_42,72
Param_43,55
Param_44,450
Param_45,772
Param_46,723
Param_47,627
Param_48,785
Param_49,135
Param_50,961
Param_51,918
Param_52,449
Param_53,439
Param_54,219
Param_55,264
Param_56,251
Param_57,377
Param_58,194
Param_59,786
Param_60,682
Param_61,191
Param_62,815
Param_63,737
Param_64,62
Param_65,101
Param_66,89
Param_67,823
Param_68,102
Param_69,759
Param_70,885
Param_71,362
Param_72,621
Param_73,166
Param_74,98
Param_75,19
Param_76,805
Param_77,478
Param_78,776
Param_79,504
Param_80,7
Param_81,848
Param_82,665
Param_83,684
Param_84,296
Param_85,101
Param_86,607
Param_87,176
Param_88,571
Param_89,572
Param_90,774
Param_91,301
Param_92,957
Param_93,527
Param_94,71
Param_95,943
Param_96,30
Param_97,559
Param_98,754
Param_99,736
Param_100,613
