{"data": [
  {"id": 552, "value": "k7TO4mEt"},
  {"id": 817, "value": "ZeraALr0"},
  {"id": 183, "value": "eNIWZIKn"},
  {"id": 565, "value": "AGf7jpLC"},
  {"id": 649, "value": "RiJ9GIYp"},
  {"id": 402, "value": "pzLoKSGR"},
  {"id": 730, "value": "Gvgmozrm"},
  {"id": 720, "value": "RXLZXHG5"},
  {"id": 614, "value": "6aUveAUT"},
  {"id": 539, "value": "HnMrK1zr"},
  {"id": 349, "value": "F9EX2z3D"},
  {"id": 172, "value": "zaPH019s"},
  {"id": 610, "value": "U7VaNaXR"},
  {"id": 140, "value": "53VM1vNe"},
  {"id": 611, "value": "EJHMYGkd"},
  {"id": 872, "value": "Nef8oadR"},
  {"id": 165, "value": "eR207Bmo"},
  {"id": 702, "value": "vwhHaAez"},
  {"id": 938, "value": "4SOy8yFe"},
  {"id": 439, "value": "vxBe2MFB"},
  {"id": 922, "value": "kT629V1h"},
  {"id": 686, "value": "j48Dbmgo"},
  {"id": 845, "value": "MHluhvrW"},
  {"id": 258, "value": "V8wt3BK7"},
  {"id": 30, "value": "kmgAhOBq"},
  {"id": 911, "value": "38QMTjol"},
  {"id": 144, "value": "rJPwn9Lj"},
  {"id": 621, "value": "3hQH4wK6"},
  {"id": 291, "value": "3bSFKHsi"},
  {"id": 882, "value": "0LhR1AGh"},
  {"id": 905, "value": "fweyO7Sp"},
  {"id": 859, "value": "kIEsHmRF"},
  {"id": 277, "value": "J7zMOYiQ"},
  {"id": 448, "value": "TQo55YM8"},
  {"id": 752, "value": "YaU6hwQK"},
  {"id": 231, "value": "WkjcA4Mk"},
  {"id": 538, "value": "OcQg6rux"},
  {"id": 383, "value": "PWt1vCZJ"},
  {"id": 856, "value": "fd7ZX1Dj"},
  {"id": 73, "value": "RobmmVdj"},
  {"id": 961, "value": "9X0hrmjt"},
  {"id": 393, "value": "83v8zev9"},
  {"id": 186, "value": "E9w61I7g"},
  {"id": 944, "value": "sMwJBuB4"},
  {"id": 977, "value": "40XqxrBE"},
  {"id": 781, "value": "GgJuX7VM"},
  {"id": 237, "value": "yTpVmJkK"},
  {"id": 743, "value": "mZiJiAVa"},
  {"id": 120, "value": "k3Wa9idJ"},
  {"id": 285, "value": "2KMeJwRQ"},
  {"id": 9999, "value": "END"}
]}
