Parameter,Value
Param_1,655
Param_2,671
Param_3,764
Param_4,155
Param_5,397
Param_6,992
Param_7,552
Param_8,664
Param_9,300
Param_10,606
Param_11,575
Param_12,627
Param_13,246
Param_14,496
Param_15,262
Param_16,932
Param_17,933
Param_18,757
Param_19,782
Param_20,937
Param_21,186
Param_22,946
Param_23,72
Param_24,148
Param_25,499
Param_26,966
Param_27,908
Param_28,295
Param_29,717
Param_30,241
Param_31,463
Param_32,197
Param_33,155
Param_34,845
Param_35,49
Param_36,922
Param_37,565
Param_38,256
Param_39,360
Param_40,418
Param_41,968
Param_42,915
Param_43,656
Param_44,232
Param_45,586
Param_46,928
Param_47,18
Param_48,201
Param_49,987
Param_50,225
Param_51,580
Param_52,3
Param_53,101
Param_54,28
Param_55,102
Param_56,214
Param_57,435
Param_58,196
Param_59,160
Param_60,936
Param_61,890
Param_62,705
Param_63,275
Param_64,356
Param_65,347
Param_66,341
Param_67,696
Param_68,514
Param_69,513
Param_70,976
Param_71,588
Param_72,966
Param_73,155
Param_74,697
Param_75,683
Param_76,960
Param_77,422
Param_78,315
Param_79,895
Param_80,33
Param_81,652
Param_82,93
Param_83,597
Param_84,856
Param_85,329
Param_86,182
Param_87,722
Param_88,461
Param_89,657
Param_90,55
Param_91,669
Param_92,588
Param_93,53
Param_94,603
Param_95,705
Param_96,989
Param_97,299
Param_98,239
Param_99,623
Param_100,583
