{"data": [
  {"id": 85, "value": "vIzYsOKH"},
  {"id": 289, "value": "Izz0zZBb"},
  {"id": 455, "value": "60MCZoa3"},
  {"id": 422, "value": "sREj1HaP"},
  {"id": 33, "value": "aavomPtv"},
  {"id": 650, "value": "vBGuAkpp"},
  {"id": 793, "value": "YwCxJR0a"},
  {"id": 429, "value": "0AJ5KHz3"},
  {"id": 187, "value": "8r6g8NZr"},
  {"id": 70, "value": "eyVNQePB"},
  {"id": 384, "value": "LZ7zRcSj"},
  {"id": 215, "value": "kpEHQfp4"},
  {"id": 766, "value": "YPeoAfZW"},
  {"id": 227, "value": "xHx3P0dM"},
  {"id": 12, "value": "ZMBj7yz7"},
  {"id": 676, "value": "jH2zJvxD"},
  {"id": 982, "value": "XlhEg8Ho"},
  {"id": 103, "value": "kUhXwkOk"},
  {"id": 21, "value": "doiEkX7m"},
  {"id": 760, "value": "ZxS2BHpe"},
  {"id": 844, "value": "HbqBnsyW"},
  {"id": 196, "value": "i2uN35CI"},
  {"id": 24, "value": "g7NHuODq"},
  {"id": 764, "value": "bBtDtudJ"},
  {"id": 263, "value": "geOziRJV"},
  {"id": 808, "value": "ZT20vPVt"},
  {"id": 13, "value": "X36cedmW"},
  {"id": 757, "value": "vd4kLkEX"},
  {"id": 838, "value": "lzot4yWM"},
  {"id": 442, "value": "eKSVo1Ku"},
  {"id": 779, "value": "V0klphTm"},
  {"id": 411, "value": "JkRmBD4a"},
  {"id": 702, "value": "dd9L6bfE"},
  {"id": 800, "value": "JiloERpi"},
  {"id": 305, "value": "UKrJSmWB"},
  {"id": 311, "value": "hWsrrBxn"},
  {"id": 911, "value": "pjMj6rZT"},
  {"id": 93, "value": "6Vbuzf5h"},
  {"id": 169, "value": "3hutjEIY"},
  {"id": 183, "value": "kGUHVwau"},
  {"id": 678, "value": "uJQYjgEi"},
  {"id": 307, "value": "qmko3a8M"},
  {"id": 757, "value": "siXlXmUr"},
  {"id": 771, "value": "wJFiUqiS"},
  {"id": 503, "value": "ZG2tAG3E"},
  {"id": 54, "value": "cfRjhR3R"},
  {"id": 16, "value": "RohdwOvy"},
  {"id": 588, "value": "ZuNGJT60"},
  {"id": 197, "value": "ACgnjthJ"},
  {"id": 362, "value": "t19Cpdf0"},
  {"id": 9999, "value": "END"}
]}
