Parameter,Value
Param_1,888
Param_2,401
Param_3,893
Param_4,210
Param_5,913
Param_6,575
Param_7,619
Param_8,168
Param_9,934
Param_10,559
Param_11,23
Param_12,349
Param_13,444
Param_14,951
Param_15,387
Param_16,538
Param_17,987
Param_18,25
Param_19,562
Param_20,425
Param_21,638
Param_22,251
Param_23,34
Param_24,955
Param_25,837
Param_26,550
Param_27,495
Param_28,44
Param_29,698
Param_30,477
Param_31,897
Param_32,364
Param_33,75
Param_34,459
Param_35,907
Param_36,863
Param_37,551
Param_38,547
Param_39,344
Param_40,198
Param_41,666
Param_42,989
Param_43,686
Param_44,978
Param_45,280
Param_46,690
Param_47,657
Param_48,647
Param_49,643
Param_50,808
Param_51,948
Param_52,912
Param_53,155
Param_54,348
Param_55,906
Param_56,29
Param_57,192
Param_58,966
Param_59,386
Param_60,316
Param_61,645
Param_62,453
Param_63,467
Param_64,921
Param_65,399
Param_66,668
Param_67,51
Param_68,174
Param_69,874
Param_70,631
Param_71,794
Param_72,392
Param_73,441
Param_74,372
Param_75,360
Param_76,529
Param_77,245
Param_78,912
Param_79,990
Param_80,785
Param_81,904
Param_82,289
Param_83,693
Param_84,911
Param_85,100
Param_86,382
Param_87,423
Param_88,185
Param_89,314
Param_90,22
Param_91,401
Param_92,187
Param_93,302
Param_94,656
Param_95,431
Param_96,720
Param_97,572
Param_98,321
Param_99,445
Param_100,176
