{"data": [
  {"id": 787, "value": "mo5wAZvB"},
  {"id": 629, "value": "bN0HJFGV"},
  {"id": 276, "value": "L9q1cUTb"},
  {"id": 900, "value": "lKzhCczj"},
  {"id": 849, "value": "8V62fUBj"},
  {"id": 266, "value": "qMbZS5Od"},
  {"id": 245, "value": "2mAqILwG"},
  {"id": 656, "value": "mhuubNTz"},
  {"id": 339, "value": "QNKn1WZq"},
  {"id": 969, "value": "xkowzpOP"},
  {"id": 513, "value": "Pf6lfNLk"},
  {"id": 978, "value": "PelbIWEP"},
  {"id": 710, "value": "Wrfo1bbo"},
  {"id": 595, "value": "vL0igx14"},
  {"id": 329, "value": "gfTDJN99"},
  {"id": 605, "value": "h9QqQqzX"},
  {"id": 319, "value": "7KpRNVEn"},
  {"id": 562, "value": "TGVXAtXP"},
  {"id": 413, "value": "WaPUIBKN"},
  {"id": 279, "value": "LKZNDhdv"},
  {"id": 972, "value": "ZLzCWlij"},
  {"id": 119, "value": "t8KiyFgU"},
  {"id": 378, "value": "m352vix7"},
  {"id": 153, "value": "AqLIdgfD"},
  {"id": 162, "value": "9S44Fbd7"},
  {"id": 346, "value": "5dOnUL3k"},
  {"id": 819, "value": "U5xoRV6y"},
  {"id": 37, "value": "Of9wDhpY"},
  {"id": 463, "value": "iCBDRRXE"},
  {"id": 341, "value": "N1lDsd1R"},
  {"id": 198, "value": "NFGokTUb"},
  {"id": 725, "value": "XdT5Aoa4"},
  {"id": 642, "value": "5MyP4pBA"},
  {"id": 712, "value": "LFSr5yQQ"},
  {"id": 872, "value": "0APOjUdd"},
  {"id": 505, "value": "xibf9aVd"},
  {"id": 608, "value": "8DSNxJFZ"},
  {"id": 948, "value": "eZdBLAcg"},
  {"id": 396, "value": "cB2QdNO7"},
  {"id": 161, "value": "fu81zUPL"},
  {"id": 459, "value": "D3ROOldT"},
  {"id": 593, "value": "nMCe1yrI"},
  {"id": 759, "value": "hAQXLcND"},
  {"id": 922, "value": "jJ0RLfKo"},
  {"id": 694, "value": "qPFauYx5"},
  {"id": 163, "value": "pBfbsuum"},
  {"id": 15, "value": "XuCZOkaX"},
  {"id": 828, "value": "wmEFIqa4"},
  {"id": 95, "value": "ACPe7IJs"},
  {"id": 606, "value": "u8nCfv2f"},
  {"id": 9999, "value": "END"}
]}
