{"data": [
  {"id": 478, "value": "M4GTK9RS"},
  {"id": 655, "value": "HDQayqWA"},
  {"id": 121, "value": "ZZ3vBzev"},
  {"id": 630, "value": "YD4iKQCy"},
  {"id": 934, "value": "Cgt5VyE1"},
  {"id": 394, "value": "vglpzTNA"},
  {"id": 61, "value": "tljgMZPr"},
  {"id": 445, "value": "AznPD5zr"},
  {"id": 155, "value": "7wPE6qwN"},
  {"id": 247, "value": "tKRnL5fR"},
  {"id": 238, "value": "ETqnYmPh"},
  {"id": 806, "value": "WpDNV7qB"},
  {"id": 150, "value": "QoGVj7kW"},
  {"id": 52, "value": "nQ9exvqp"},
  {"id": 15, "value": "cBoxtLDE"},
  {"id": 273, "value": "8G9oTvUT"},
  {"id": 875, "value": "fZJqbiNF"},
  {"id": 638, "value": "brmadlUo"},
  {"id": 781, "value": "IzqdPQ7L"},
  {"id": 891, "value": "49FXljnG"},
  {"id": 322, "value": "dmhlFeiQ"},
  {"id": 596, "value": "EWlpMWHQ"},
  {"id": 63, "value": "r9ctDjoM"},
  {"id": 945, "value": "Pox9UB2L"},
  {"id": 911, "value": "1OUgGC5h"},
  {"id": 49, "value": "HqpGbHdq"},
  {"id": 515, "value": "w8t6Hh6H"},
  {"id": 407, "value": "bRS5vJ5N"},
  {"id": 744, "value": "p3pgLcug"},
  {"id": 865, "value": "zPlCuiL8"},
  {"id": 136, "value": "yDR1iz1J"},
  {"id": 343, "value": "oRx5svsh"},
  {"id": 526, "value": "3Ykl9rgm"},
  {"id": 653, "value": "cRQLQsN2"},
  {"id": 942, "value": "tazS44pk"},
  {"id": 345, "value": "C0jJUiBz"},
  {"id": 410, "value": "EkZ50OSt"},
  {"id": 163, "value": "UnbE1RAD"},
  {"id": 468, "value": "JL0F6vPP"},
  {"id": 83, "value": "EoFx9pnl"},
  {"id": 120, "value": "LX6kPLLk"},
  {"id": 41, "value": "IuCa3ZXy"},
  {"id": 872, "value": "NqgVY0OD"},
  {"id": 933, "value": "4jHxhYqs"},
  {"id": 35, "value": "wcrCVnKd"},
  {"id": 259, "value": "4zKtyYUG"},
  {"id": 711, "value": "pk6ZQpn8"},
  {"id": 46, "value": "KasoGBKm"},
  {"id": 631, "value": "CY5h1PEK"},
  {"id": 946, "value": "PZeBKvrz"},
  {"id": 9999, "value": "END"}
]}
