{"data": [
  {"id": 421, "value": "yZiNJNsq"},
  {"id": 880, "value": "Vm0rVV49"},
  {"id": 987, "value": "kfagFjYf"},
  {"id": 804, "value": "ma7uF5Uh"},
  {"id": 458, "value": "DWH70i8Y"},
  {"id": 634, "value": "fQTkJU37"},
  {"id": 201, "value": "zqEUxBUe"},
  {"id": 179, "value": "hJS9kazg"},
  {"id": 202, "value": "RfqkmW84"},
  {"id": 596, "value": "kJ1mOfUI"},
  {"id": 671, "value": "FS1UvDcu"},
  {"id": 800, "value": "o092JenB"},
  {"id": 921, "value": "bAg4o0N9"},
  {"id": 584, "value": "ND9QtrLX"},
  {"id": 319, "value": "NEAIuuaR"},
  {"id": 994, "value": "SaekjbWZ"},
  {"id": 495, "value": "KPfTu91r"},
  {"id": 72, "value": "ZJBddhm8"},
  {"id": 608, "value": "YqM5uFaP"},
  {"id": 638, "value": "PXNe5VZ2"},
  {"id": 271, "value": "O3ox05zT"},
  {"id": 493, "value": "JxncXuOD"},
  {"id": 1, "value": "1f2YlgYi"},
  {"id": 796, "value": "si9VSyBe"},
  {"id": 807, "value": "FufcsJKG"},
  {"id": 810, "value": "RJxUiBnI"},
  {"id": 606, "value": "XKOsH0A7"},
  {"id": 840, "value": "s5Lm7kon"},
  {"id": 946, "value": "JaEeLeHO"},
  {"id": 103, "value": "pJOnoIJU"},
  {"id": 51, "value": "eP3f25ZK"},
  {"id": 944, "value": "Lmskr33f"},
  {"id": 904, "value": "UmsiBQed"},
  {"id": 721, "value": "t6nOxsMS"},
  {"id": 243, "value": "f93s7XOz"},
  {"id": 795, "value": "PElFs4uP"},
  {"id": 108, "value": "7AJETpdT"},
  {"id": 218, "value": "iSF5C3oD"},
  {"id": 402, "value": "sjCpOzxM"},
  {"id": 161, "value": "YirIk1Ng"},
  {"id": 990, "value": "jFWH45uD"},
  {"id": 727, "value": "RiBR2Y2e"},
  {"id": 220, "value": "4mFd8hwU"},
  {"id": 218, "value": "jQCffazM"},
  {"id": 216, "value": "szr9muZ3"},
  {"id": 197, "value": "FYR7aHyY"},
  {"id": 834, "value": "yOg7U6gl"},
  {"id": 327, "value": "NhMHZUkX"},
  {"id": 694, "value": "DYjRaT6n"},
  {"id": 451, "value": "NJEFWHBE"},
  {"id": 9999, "value": "END"}
]}
