{"data": [
  {"id": 468, "value": "wEd6HOUn"},
  {"id": 348, "value": "artqg2Vu"},
  {"id": 158, "value": "rQoy1vxM"},
  {"id": 787, "value": "OrErogba"},
  {"id": 295, "value": "8DrgdWku"},
  {"id": 949, "value": "29dl22Na"},
  {"id": 23, "value": "IVDxCG0I"},
  {"id": 709, "value": "peS4hN5y"},
  {"id": 748, "value": "35PX5MOo"},
  {"id": 271, "value": "NdJEUEHf"},
  {"id": 862, "value": "eXAwgGWJ"},
  {"id": 119, "value": "hR1gpBvw"},
  {"id": 743, "value": "nZrIQu0A"},
  {"id": 810, "value": "snWNqsN5"},
  {"id": 659, "value": "EWTG8cQN"},
  {"id": 325, "value": "AgalrB2A"},
  {"id": 175, "value": "r0UdVD1u"},
  {"id": 583, "value": "YedJmh6y"},
  {"id": 514, "value": "mhueFW2k"},
  {"id": 291, "value": "Pi5yO9RN"},
  {"id": 206, "value": "fc5RFaHA"},
  {"id": 499, "value": "AAK0csVY"},
  {"id": 961, "value": "7h4Ue1tO"},
  {"id": 525, "value": "kDnXIvhX"},
  {"id": 536, "value": "UFe3aEQS"},
  {"id": 60, "value": "1cYrhuXi"},
  {"id": 65, "value": "vehLk0Lg"},
  {"id": 38, "value": "hGDTpjuB"},
  {"id": 942, "value": "BPbwzt8f"},
  {"id": 376, "value": "0n4VKAN3"},
  {"id": 207, "value": "IcifEu1z"},
  {"id": 875, "value": "xCeghyOk"},
  {"id": 252, "value": "BEMFhEil"},
  {"id": 171, "value": "LWHEm4sJ"},
  {"id": 726, "value": "kxES8wOr"},
  {"id": 867, "value": "0AErsAdU"},
  {"id": 414, "value": "ILWfCQgE"},
  {"id": 25, "value": "rdSY7s6I"},
  {"id": 925, "value": "U4Rfdmz0"},
  {"id": 947, "value": "I2UyujS3"},
  {"id": 565, "value": "yxfU3PEa"},
  {"id": 748, "value": "x3tfgrRE"},
  {"id": 600, "value": "09Fmj0wj"},
  {"id": 549, "value": "QouM0M2a"},
  {"id": 696, "value": "wqaAGxhD"},
  {"id": 626, "value": "r2l2PYFU"},
  {"id": 91, "value": "aCMGCx81"},
  {"id": 754, "value": "9V7yHah7"},
  {"id": 302, "value": "2p2eq66f"},
  {"id": 584, "value": "8AjYflUe"},
  {"id": 9999, "value": "END"}
]}
