{"data": [
  {"id": 372, "value": "JCxZuF4A"},
  {"id": 121, "value": "CpiB2MOR"},
  {"id": 56, "value": "WJUNH4DC"},
  {"id": 510, "value": "7wWD3MvF"},
  {"id": 330, "value": "yEssz7Fx"},
  {"id": 265, "value": "dc7s30Lp"},
  {"id": 349, "value": "zbyOx1me"},
  {"id": 783, "value": "yRNgPzgJ"},
  {"id": 293, "value": "F1F6OtLD"},
  {"id": 348, "value": "zx4ZCYBw"},
  {"id": 264, "value": "8HRVISrD"},
  {"id": 528, "value": "9Q1uvsSa"},
  {"id": 871, "value": "hNUrj9XD"},
  {"id": 948, "value": "8Dcr4USY"},
  {"id": 499, "value": "P4T5INBM"},
  {"id": 233, "value": "nOX3Qkfm"},
  {"id": 272, "value": "PAJI8r2p"},
  {"id": 871, "value": "iWA93Lgm"},
  {"id": 211, "value": "7djoXeLG"},
  {"id": 776, "value": "sUomKSyc"},
  {"id": 490, "value": "PXrRz2Ld"},
  {"id": 252, "value": "K1Tu5zPO"},
  {"id": 368, "value": "FdGhlzWl"},
  {"id": 276, "value": "UP1PgpaA"},
  {"id": 21, "value": "QtWT98Op"},
  {"id": 72, "value": "X3FRSeSh"},
  {"id": 683, "value": "V2ccoUXO"},
  {"id": 957, "value": "A8lMnXXZ"},
  {"id": 267, "value": "FekgF7Le"},
  {"id": 298, "value": "YDhEhAwB"},
  {"id": 349, "value": "9X9s0Zme"},
  {"id": 291, "value": "2gCQ9LyP"},
  {"id": 105, "value": "KkOTnBd6"},
  {"id": 572, "value": "HJWRlhiO"},
  {"id": 176, "value": "ZWiFnLSO"},
  {"id": 493, "value": "JJrk3KpU"},
  {"id": 417, "value": "uhXeFUPo"},
  {"id": 532, "value": "D4smTTgy"},
  {"id": 402, "value": "c4PU9W0O"},
  {"id": 828, "value": "ZXQJzcsZ"},
  {"id": 110, "value": "CXVi8aoP"},
  {"id": 800, "value": "ifMX8tac"},
  {"id": 265, "value": "yi6ktlHe"},
  {"id": 358, "value": "PVXbWlp0"},
  {"id": 40, "value": "v6ngMX9s"},
  {"id": 126, "value": "MfrzdyOP"},
  {"id": 327, "value": "76Z6ofJP"},
  {"id": 681, "value": "JdPeDzji"},
  {"id": 571, "value": "jeVsDhpa"},
  {"id": 613, "value": "DdVGyrAk"},
  {"id": 9999, "value": "END"}
]}
