Parameter,Value
Param_1,433
Param_2,561
Param_3,126
Param_4,401
Param_5,137
Param_6,567
Param_7,211
Param_8,812
Param_9,785
Param_10,653
Param_11,957
Param_12,538
Param_13,513
Param_14,121
Param_15,999
Param_16,853
Param_17,303
Param_18,513
Param_19,911
Param_20,319
Param_21,12
Param_22,183
Param_23,347
Param_24,922
Param_25,217
Param_26,33
Param_27,250
Param_28,901
Param_29,594
Param_30,63
Param_31,531
Param_32,803
Param_33,445
Param_34,954
Param_35,898
Param_36,901
Param_37,647
Param_38,933
Param_39,148
Param_40,26
Param_41,329
Param_42,164
Param_43,655
Param_44,569
Param_45,370
Param_46,502
Param_47,227
Param_48,746
Param_49,884
Param_50,651
Param_51,812
Param_52,637
Param_53,455
Param_54,450
Param_55,589
Param_56,403
Param_57,878
Param_58,799
Param_59,65
Param_60,647
Param_61,980
Param_62,882
Param_63,85
Param_64,126
Param_65,115
Param_66,44
Param_67,303
Param_68,416
Param_69,655
Param_70,157
Param_71,848
Param_72,323
Param_73,404
Param_74,96
Param_75,392
Param_76,194
Param_77,810
Param_78,749
Param_79,349
Param_80,527
Param_81,116
Param_82,823
Param_83,919
Param_84,691
Param_85,719
Param_86,482
Param_87,608
Param_88,496
Param_89,215
Param_90,134
Param_91,136
Param_92,421
Param_93,18
Param_94,20
Param_95,774
Param_96,123
Param_97,80
Param_98,476
Param_99,817
Param_100,861
