{"data": [
  {"id": 677, "value": "JivtiLpW"},
  {"id": 142, "value": "OqoBknc0"},
  {"id": 978, "value": "oxcj9y1i"},
  {"id": 823, "value": "aIGYLgfR"},
  {"id": 836, "value": "EF3lyjhK"},
  {"id": 398, "value": "324d9qiT"},
  {"id": 78, "value": "xQBRKzqn"},
  {"id": 146, "value": "YFXe6XnH"},
  {"id": 607, "value": "LV2vpNpe"},
  {"id": 948, "value": "0lvhAbW7"},
  {"id": 305, "value": "f9Szch4w"},
  {"id": 537, "value": "3gRevcHn"},
  {"id": 493, "value": "sDycsDKw"},
  {"id": 880, "value": "dgdaQD2T"},
  {"id": 61, "value": "cVcWIhiE"},
  {"id": 351, "value": "DE8iSga6"},
  {"id": 274, "value": "lkp1Yv5R"},
  {"id": 865, "value": "6Dlu8wDY"},
  {"id": 306, "value": "HdHakGSy"},
  {"id": 890, "value": "k1gfNAZ8"},
  {"id": 519, "value": "qQqMCmSJ"},
  {"id": 321, "value": "K4sXvoKe"},
  {"id": 655, "value": "Zi87DBqr"},
  {"id": 870, "value": "UWaQhP7c"},
  {"id": 305, "value": "c03xqaBZ"},
  {"id": 586, "value": "Cogi8pNl"},
  {"id": 983, "value": "DczJq5X0"},
  {"id": 863, "value": "eLq1EbtV"},
  {"id": 539, "value": "ojSKlCRt"},
  {"id": 146, "value": "6vqi7CYR"},
  {"id": 503, "value": "aLtBjZzp"},
  {"id": 735, "value": "AXhW67pd"},
  {"id": 602, "value": "hmtE5MtI"},
  {"id": 199, "value": "EsjctAw1"},
  {"id": 160, "value": "RE2HVB9u"},
  {"id": 703, "value": "B53uBGZe"},
  {"id": 158, "value": "XsGYKzqu"},
  {"id": 33, "value": "nhrByC3R"},
  {"id": 47, "value": "ygVVuCTH"},
  {"id": 949, "value": "x6HeO3nB"},
  {"id": 922, "value": "NJV9fhb3"},
  {"id": 15, "value": "nWArsal4"},
  {"id": 391, "value": "YghmcKNY"},
  {"id": 276, "value": "4PAow9ol"},
  {"id": 457, "value": "CvamEUQO"},
  {"id": 698, "value": "GPbwNBHd"},
  {"id": 79, "value": "ImwTgl6a"},
  {"id": 450, "value": "2CNR4vHt"},
  {"id": 75, "value": "6ADqy04p"},
  {"id": 592, "value": "6VagVA1O"},
  {"id": 9999, "value": "END"}
]}
