Parameter,Value
Param_1,180
Param_2,401
Param_3,121
Param_4,861
Param_5,890
Param_6,226
Param_7,877
Param_8,629
Param_9,687
Param_10,148
Param_11,364
Param_12,578
Param_13,134
Param_14,902
Param_15,90
Param_16,191
Param_17,103
Param_18,293
Param_19,407
Param_20,83
Param_21,721
Param_22,437
Param_23,662
Param_24,588
Param_25,890
Param_26,102
Param_27,480
Param_28,664
Param_29,471
Param_30,643
Param_31,160
Param_32,113
Param_33,797
Param_34,488
Param_35,552
Param_36,144
Param_37,364
Param_38,735
Param_39,875
Param_40,616
Param_41,709
Param_42,862
Param_43,485
Param_44,523
Param_45,121
Param_46,207
Param_47,603
Param_48,779
Param_49,536
Param_50,501
Param_51,626
Param_52,444
Param_53,255
Param_54,778
Param_55,61
Param_56,460
Param_57,559
Param_58,0
Param_59,62
Param_60,103
Param_61,123
Param_62,845
Param_63,556
Param_64,618
Param_65,78
Param_66,913
Param_67,312
Param_68,866
Param_69,87
Param_70,870
Param_71,931
Param_72,438
Param_73,531
Param_74,706
Param_75,281
Param_76,724
Param_77,886
Param_78,709
Param_79,9
Param_80,997
Param_81,920
Param_82,64
Param_83,640
Param_84,499
Param_85,740
Param_86,974
Param_87,263
Param_88,917
Param_89,20
Param_90,856
Param_91,652
Param_92,531
Param_93,665
Param_94,673
Param_95,204
Param_96,685
Param_97,12
Param_98,436
Param_99,428
Param_100,891
