{"data": [
  {"id": 536, "value": "yB1p8YBV"},
  {"id": 310, "value": "ruFcq9tW"},
  {"id": 454, "value": "GTTecpXD"},
  {"id": 159, "value": "Kb0UQs6Q"},
  {"id": 285, "value": "X4T5H9WP"},
  {"id": 349, "value": "5nnBy43X"},
  {"id": 249, "value": "0tiXkdeN"},
  {"id": 714, "value": "9ToDjwih"},
  {"id": 194, "value": "ucTHuHam"},
  {"id": 922, "value": "N6Y78EIp"},
  {"id": 114, "value": "81tgIwfB"},
  {"id": 915, "value": "HSTiZsXd"},
  {"id": 680, "value": "zumUdZpa"},
  {"id": 777, "value": "cagokJsm"},
  {"id": 453, "value": "JIK64LzD"},
  {"id": 941, "value": "nRiU6DoI"},
  {"id": 598, "value": "9Ur2VOAH"},
  {"id": 465, "value": "O6V2sNhk"},
  {"id": 416, "value": "1mwtCH6K"},
  {"id": 616, "value": "Gh8I1wct"},
  {"id": 749, "value": "oMOaFpbS"},
  {"id": 729, "value": "hZ4xqZc0"},
  {"id": 439, "value": "Qok16lSk"},
  {"id": 118, "value": "YiCvjXkn"},
  {"id": 141, "value": "q98DZKhV"},
  {"id": 269, "value": "uZ1EYEUD"},
  {"id": 866, "value": "4GUME3ez"},
  {"id": 567, "value": "C3XXyvUJ"},
  {"id": 115, "value": "q9GzEUhk"},
  {"id": 468, "value": "GIaW1d35"},
  {"id": 535, "value": "PS0s6cat"},
  {"id": 998, "value": "PDDMID6N"},
  {"id": 691, "value": "F4FAwdGl"},
  {"id": 574, "value": "zG1JXqhM"},
  {"id": 732, "value": "AtxlXVxl"},
  {"id": 725, "value": "Sm0oet9Z"},
  {"id": 135, "value": "agm38cNO"},
  {"id": 217, "value": "wX9t4DrJ"},
  {"id": 65, "value": "b37tLNAZ"},
  {"id": 645, "value": "UNYvb6kf"},
  {"id": 184, "value": "rqhxkCf0"},
  {"id": 39, "value": "CIp5giCd"},
  {"id": 388, "value": "pAAPDnWg"},
  {"id": 114, "value": "Tn8BIs6m"},
  {"id": 20, "value": "OpvBZFtW"},
  {"id": 939, "value": "PUfeLiq5"},
  {"id": 67, "value": "uo9H973U"},
  {"id": 247, "value": "TIkr7NYH"},
  {"id": 823, "value": "vRlIRwag"},
  {"id": 910, "value": "xHysikSR"},
  {"id": 9999, "value": "END"}
]}
