{"data": [
  {"id": 703, "value": "rFgFYxKF"},
  {"id": 897, "value": "E0aBxmxc"},
  {"id": 828, "value": "LnxHXeT9"},
  {"id": 341, "value": "ytyMoRA4"},
  {"id": 811, "value": "Ryx2s1Vo"},
  {"id": 95, "value": "Sd3yVnnq"},
  {"id": 177, "value": "ofY4UvKu"},
  {"id": 230, "value": "h2fvkkYo"},
  {"id": 126, "value": "7EblEFqv"},
  {"id": 978, "value": "ZLuN6OK9"},
  {"id": 669, "value": "bPTrkoxE"},
  {"id": 692, "value": "O7AdUluZ"},
  {"id": 460, "value": "fWRSUdGU"},
  {"id": 960, "value": "hUqEyU93"},
  {"id": 861, "value": "l1DTZ6ca"},
  {"id": 334, "value": "xUcejZJs"},
  {"id": 226, "value": "qWdti7yJ"},
  {"id": 545, "value": "9YqNdJu3"},
  {"id": 428, "value": "7aD4eJmN"},
  {"id": 383, "value": "9VbELe61"},
  {"id": 309, "value": "X0PzOCgl"},
  {"id": 911, "value": "SAcrUi98"},
  {"id": 573, "value": "BRABBBLr"},
  {"id": 332, "value": "SHC9jbwD"},
  {"id": 848, "value": "Mqc91fVt"},
  {"id": 143, "value": "ou8ochHd"},
  {"id": 479, "value": "fYpeWD6a"},
  {"id": 264, "value": "SLbv1OR7"},
  {"id": 404, "value": "7II49Brw"},
  {"id": 924, "value": "3osBJdDU"},
  {"id": 327, "value": "bX3EBnyc"},
  {"id": 332, "value": "dAdQebJg"},
  {"id": 488, "value": "HZ4J8OD0"},
  {"id": 21, "value": "u0xdhfgr"},
  {"id": 871, "value": "GVo2AYJY"},
  {"id": 469, "value": "G7OfDE92"},
  {"id": 573, "value": "LCTQsqdM"},
  {"id": 960, "value": "ckomKLBW"},
  {"id": 668, "value": "ZFTtGlLS"},
  {"id": 664, "value": "1fvHGnlH"},
  {"id": 326, "value": "NwzkDNFE"},
  {"id": 79, "value": "AynEqUUn"},
  {"id": 507, "value": "6BjCYYs5"},
  {"id": 520, "value": "PEasIcyU"},
  {"id": 618, "value": "J5m4h8ny"},
  {"id": 708, "value": "Mt1G5JVJ"},
  {"id": 631, "value": "UHfO7zDc"},
  {"id": 188, "value": "difjrZTB"},
  {"id": 929, "value": "tStks3WS"},
  {"id": 494, "value": "mlQp2z72"},
  {"id": 9999, "value": "END"}
]}
