Parameter,Value
Param_1,856
Param_2,10
Param_3,49
Param_4,48
Param_5,502
Param_6,740
Param_7,631
Param_8,295
Param_9,25
Param_10,234
Param_11,35
Param_12,567
Param_13,255
Param_14,318
Param_15,285
Param_16,678
Param_17,760
Param_18,462
Param_19,846
Param_20,222
Param_21,85
Param_22,55
Param_23,85
Param_24,776
Param_25,864
Param_26,730
Param_27,709
Param_28,536
Param_29,3
Param_30,82
Param_31,477
Param_32,490
Param_33,604
Param_34,239
Param_35,989
Param_36,944
Param_37,389
Param_38,136
Param_39,616
Param_40,679
Param_41,880
Param_42,74
Param_43,971
Param_44,847
Param_45,582
Param_46,908
Param_47,818
Param_48,112
Param_49,472
Param_50,966
Param_51,982
Param_52,852
Param_53,857
Param_54,15
Param_55,431
Param_56,33
Param_57,364
Param_58,747
Param_59,837
Param_60,74
Param_61,193
Param_62,675
Param_63,194
Param_64,206
Param_65,714
Param_66,161
Param_67,661
Param_68,534
Param_69,311
Param_70,635
Param_71,680
Param_72,829
Param_73,726
Param_74,143
Param_75,719
Param_76,523
Param_77,223
Param_78,667
Param_79,663
Param_80,626
Param_81,800
Param_82,81
Param_83,216
Param_84,84
Param_85,930
Param_86,641
Param_87,379
Param_88,326
Param_89,89
Param_90,915
Param_91,560
Param_92,852
Param_93,260
Param_94,109
Param_95,890
Param_96,507
Param_97,181
Param_98,658
Param_99,301
Param_100,212
