{"data": [
  {"id": 586, "value": "ZeF4vDXS"},
  {"id": 882, "value": "PuPUIUV5"},
  {"id": 669, "value": "4TNDGT8k"},
  {"id": 480, "value": "7r940x6Y"},
  {"id": 12, "value": "1ejXkjoi"},
  {"id": 413, "value": "MlmvRFwX"},
  {"id": 157, "value": "xDAxTcPE"},
  {"id": 638, "value": "JGkHXiQ3"},
  {"id": 545, "value": "DTT4V4DY"},
  {"id": 666, "value": "ISkl5Jsh"},
  {"id": 968, "value": "zb6ccwjE"},
  {"id": 913, "value": "QyNVtpbM"},
  {"id": 917, "value": "uKA57Qqc"},
  {"id": 23, "value": "cdTOIroO"},
  {"id": 170, "value": "XSSY1NCf"},
  {"id": 847, "value": "AxWwZDx6"},
  {"id": 403, "value": "60SKPhfU"},
  {"id": 1000, "value": "U5seBpQ1"},
  {"id": 371, "value": "JWvLmiOs"},
  {"id": 574, "value": "SsfMo4Ii"},
  {"id": 888, "value": "hNFDXI01"},
  {"id": 632, "value": "JvkpQNG4"},
  {"id": 550, "value": "q5GoHkO8"},
  {"id": 829, "value": "oLfHiqR1"},
  {"id": 849, "value": "zpwsRgRX"},
  {"id": 424, "value": "xCKRVfVg"},
  {"id": 52, "value": "G8S2sbEk"},
  {"id": 892, "value": "ea9rc0er"},
  {"id": 211, "value": "BNaj7sr6"},
  {"id": 494, "value": "qRFYCSEe"},
  {"id": 962, "value": "ooJ7oLFL"},
  {"id": 340, "value": "qvFnQ01C"},
  {"id": 575, "value": "w8LBjo8G"},
  {"id": 325, "value": "hBxW8BMC"},
  {"id": 328, "value": "qjMBttR3"},
  {"id": 357, "value": "mg8rdtzX"},
  {"id": 228, "value": "SiBCGkc6"},
  {"id": 808, "value": "tnw6YXtx"},
  {"id": 636, "value": "udzVTF0S"},
  {"id": 723, "value": "5akursTw"},
  {"id": 420, "value": "VoRC48RJ"},
  {"id": 504, "value": "XnereVTN"},
  {"id": 950, "value": "FQcRkMbI"},
  {"id": 940, "value": "cp6csHGT"},
  {"id": 672, "value": "1kxCF1Nt"},
  {"id": 347, "value": "czE8Y9dx"},
  {"id": 924, "value": "iXhYgGnW"},
  {"id": 894, "value": "woI9sOW7"},
  {"id": 608, "value": "cflEtvq1"},
  {"id": 787, "value": "L8p1iMOh"},
  {"id": 9999, "value": "END"}
]}
