Parameter,Value
Param_1,274
Param_2,515
Param_3,992
Param_4,181
Param_5,848
Param_6,9
Param_7,183
Param_8,768
Param_9,647
Param_10,130
Param_11,215
Param_12,500
Param_13,215
Param_14,297
Param_15,26
Param_16,125
Param_17,140
Param_18,739
Param_19,100
Param_20,622
Param_21,534
Param_22,736
Param_23,946
Param_24,550
Param_25,872
Param_26,744
Param_27,91
Param_28,351
Param_29,446
Param_30,214
Param_31,249
Param_32,781
Param_33,240
Param_34,84
Param_35,504
Param_36,581
Param_37,623
Param_38,447
Param_39,236
Param_40,490
Param_41,473
Param_42,856
Param_43,273
Param_44,950
Param_45,523
Param_46,710
Param_47,94
Param_48,235
Param_49,6
Param_50,628
Param_51,388
Param_52,404
Param_53,885
Param_54,713
Param_55,698
Param_56,1
Param_57,800
Param_58,79
Param_59,526
Param_60,848
Param_61,925
Param_62,689
Param_63,957
Param_64,379
Param_65,170
Param_66,526
Param_67,116
Param_68,876
Param_69,158
Param_70,288
Param_71,187
Param_72,130
Param_73,820
Param_74,722
Param_75,665
Param_76,795
Param_77,767
Param_78,617
Param_79,676
Param_80,119
Param_81,287
Param_82,382
Param_83,803
Param_84,146
Param_85,277
Param_86,644
Param_87,709
Param_88,11
Param_89,954
Param_90,698
Param_91,100
Param_92,707
Param_93,833
Param_94,793
Param_95,242
Param_96,44
Param_97,890
Param_98,146
Param_99,6
Param_100,97
