{"data": [
  {"id": 168, "value": "J3kFM56O"},
  {"id": 457, "value": "szv3ZYGd"},
  {"id": 752, "value": "d2oQ0Ji5"},
  {"id": 909, "value": "MhwTzHQA"},
  {"id": 582, "value": "ooN7Ov0O"},
  {"id": 76, "value": "3xyUBWsn"},
  {"id": 96, "value": "laskt6xQ"},
  {"id": 731, "value": "F8he377T"},
  {"id": 941, "value": "FQfNa8Gc"},
  {"id": 472, "value": "vklCN1q8"},
  {"id": 829, "value": "ErwZhc4H"},
  {"id": 190, "value": "8t84D0f2"},
  {"id": 71, "value": "WuR67dX2"},
  {"id": 103, "value": "4VYsTME9"},
  {"id": 85, "value": "Le3bH0sg"},
  {"id": 572, "value": "Pvf37exS"},
  {"id": 15, "value": "g30emYWr"},
  {"id": 970, "value": "tQyzDIXe"},
  {"id": 351, "value": "Jvfj1ItD"},
  {"id": 625, "value": "tAA58HIb"},
  {"id": 834, "value": "3v55rZgR"},
  {"id": 604, "value": "qGmx9YIC"},
  {"id": 186, "value": "CIEm23wU"},
  {"id": 953, "value": "rv7pAGJB"},
  {"id": 792, "value": "G2M4dSB0"},
  {"id": 339, "value": "eVgRurx6"},
  {"id": 254, "value": "hz8Yg3j7"},
  {"id": 415, "value": "6FQYn7KB"},
  {"id": 589, "value": "CZgVvWYb"},
  {"id": 154, "value": "7PHtHTGQ"},
  {"id": 123, "value": "9FdHWNos"},
  {"id": 648, "value": "kBb4aDtL"},
  {"id": 709, "value": "Q7fOitLB"},
  {"id": 206, "value": "nraaL63I"},
  {"id": 799, "value": "CSZwLzJk"},
  {"id": 48, "value": "Wx32azrL"},
  {"id": 743, "value": "XgYN4bgH"},
  {"id": 820, "value": "qhNImjDn"},
  {"id": 710, "value": "VL8NILaF"},
  {"id": 462, "value": "kCX6bzuC"},
  {"id": 477, "value": "8dMjvgfl"},
  {"id": 756, "value": "VUeYKXcF"},
  {"id": 204, "value": "AwVKNtAN"},
  {"id": 927, "value": "pSfHPU5W"},
  {"id": 965, "value": "XrOWWIZi"},
  {"id": 561, "value": "oO5t3jrO"},
  {"id": 889, "value": "MqP6aTOT"},
  {"id": 346, "value": "gGsMVnAv"},
  {"id": 470, "value": "ZtCGYAMQ"},
  {"id": 838, "value": "4leOQhj0"},
  {"id": 9999, "value": "END"}
]}
