Parameter,Value
Param_1,201
Param_2,496
Param_3,96
Param_4,200
Param_5,66
Param_6,229
Param_7,973
Param_8,337
Param_9,714
Param_10,297
Param_11,306
Param_12,357
Param_13,43
Param_14,338
Param_15,387
Param_16,97
Param_17,302
Param_18,325
Param_19,103
Param_20,175
Param_21,292
Param_22,665
Param_23,547
Param_24,413
Param_25,849
Param_26,782
Param_27,198
Param_28,626
Param_29,238
Param_30,487
Param_31,177
Param_32,409
Param_33,220
Param_34,282
Param_35,787
Param_36,600
Param_37,524
Param_38,412
Param_39,435
Param_40,171
Param_41,40
Param_42,112
Param_43,886
Param_44,899
Param_45,959
Param_46,557
Param_47,104
Param_48,821
Param_49,823
Param_50,914
Param_51,524
Param_52,129
Param_53,8
Param_54,200
Param_55,290
Param_56,272
Param_57,820
Param_58,164
Param_59,455
Param_60,254
Param_61,705
Param_62,918
Param_63,747
Param_64,86
Param_65,475
Param_66,673
Param_67,78
Param_68,79
Param_69,300
Param_70,148
Param_71,498
Param_72,452
Param_73,862
Param_74,904
Param_75,959
Param_76,29
Param_77,884
Param_78,104
Param_79,623
Param_80,886
Param_81,380
Param_82,440
Param_83,554
Param_84,750
Param_85,462
Param_86,265
Param_87,888
Param_88,745
Param_89,165
Param_90,843
Param_91,671
Param_92,826
Param_93,728
Param_94,322
Param_95,702
Param_96,641
Param_97,448
Param_98,67
Param_99,141
Param_100,73
