{"data": [
  {"id": 710, "value": "09KjK6SD"},
  {"id": 951, "value": "vdB4NJuA"},
  {"id": 88, "value": "7mMhJwdW"},
  {"id": 635, "value": "BbhALdmo"},
  {"id": 118, "value": "teAYVsEm"},
  {"id": 925, "value": "hi4zTufB"},
  {"id": 77, "value": "zspBKZYb"},
  {"id": 213, "value": "pcewVgJv"},
  {"id": 978, "value": "vMKwC6oQ"},
  {"id": 137, "value": "gWjblQ9U"},
  {"id": 737, "value": "BwtG9BS9"},
  {"id": 257, "value": "XoPLGR0i"},
  {"id": 748, "value": "igzSEI3F"},
  {"id": 505, "value": "J3COH5rw"},
  {"id": 529, "value": "pmqWKzjA"},
  {"id": 809, "value": "Vjt7clfu"},
  {"id": 131, "value": "0c0It7Aa"},
  {"id": 284, "value": "yZ0zmdxT"},
  {"id": 345, "value": "yFOc4p9g"},
  {"id": 38, "value": "Gyr3S4Jw"},
  {"id": 811, "value": "j7JF81Gw"},
  {"id": 605, "value": "AXrNSRsy"},
  {"id": 662, "value": "iNg0I3mG"},
  {"id": 971, "value": "Hht9I2oo"},
  {"id": 430, "value": "z0Yf9LDC"},
  {"id": 177, "value": "pSCaq279"},
  {"id": 699, "value": "ZvBsaZUd"},
  {"id": 224, "value": "Ob4MBrUz"},
  {"id": 477, "value": "7XmmKYdC"},
  {"id": 562, "value": "rq6bvFCp"},
  {"id": 765, "value": "Mk26xT7y"},
  {"id": 786, "value": "bzZ6h33i"},
  {"id": 184, "value": "1VVsJDjF"},
  {"id": 307, "value": "QG6L5uu3"},
  {"id": 414, "value": "47t20Fy9"},
  {"id": 911, "value": "1jchDKzz"},
  {"id": 321, "value": "F7577s0w"},
  {"id": 28, "value": "0nd2Po30"},
  {"id": 752, "value": "E1z0Lce1"},
  {"id": 512, "value": "OjxgDQCq"},
  {"id": 146, "value": "yA8ChBMQ"},
  {"id": 959, "value": "EoqiKGAP"},
  {"id": 704, "value": "Er0TxvUn"},
  {"id": 89, "value": "6RIN2yd6"},
  {"id": 201, "value": "4FFeNUah"},
  {"id": 172, "value": "A1Upt5fh"},
  {"id": 517, "value": "IIyjVAx9"},
  {"id": 118, "value": "Dyl1aiqN"},
  {"id": 272, "value": "rxC9VwdF"},
  {"id": 894, "value": "mmgBLY1X"},
  {"id": 9999, "value": "END"}
]}
