{"data": [
  {"id": 871, "value": "Os3ryY7u"},
  {"id": 901, "value": "flsagsai"},
  {"id": 926, "value": "asSs442S"},
  {"id": 250, "value": "FRzUxlN0"},
  {"id": 831, "value": "SdWHSIwg"},
  {"id": 506, "value": "Ldpinqq6"},
  {"id": 428, "value": "JPLHzad9"},
  {"id": 59, "value": "vCUXRsMj"},
  {"id": 27, "value": "LmG7mEQh"},
  {"id": 364, "value": "k9E1d2Rf"},
  {"id": 416, "value": "s3UVjNbg"},
  {"id": 772, "value": "XYf2ZS3W"},
  {"id": 425, "value": "pMIsL3gE"},
  {"id": 535, "value": "kVfFRbg9"},
  {"id": 3, "value": "u8cEuD2c"},
  {"id": 1000, "value": "f0efzrN0"},
  {"id": 863, "value": "4nx3zOKP"},
  {"id": 408, "value": "yiwBzNbl"},
  {"id": 898, "value": "k8IL0MfK"},
  {"id": 435, "value": "HzLrDsGQ"},
  {"id": 443, "value": "1lPIG7zK"},
  {"id": 127, "value": "NngKhDPi"},
  {"id": 531, "value": "lQM3YDxx"},
  {"id": 909, "value": "7SB3j3tE"},
  {"id": 149, "value": "xPOu4D6I"},
  {"id": 425, "value": "7eC9t5Ts"},
  {"id": 459, "value": "TsfpQ565"},
  {"id": 62, "value": "NeJW69NJ"},
  {"id": 684, "value": "3Vm9u4IQ"},
  {"id": 51, "value": "mwLqwsgy"},
  {"id": 428, "value": "DtGKtS4q"},
  {"id": 566, "value": "W4yihHTV"},
  {"id": 834, "value": "Fv0YgttP"},
  {"id": 678, "value": "77sV0h8k"},
  {"id": 264, "value": "dnqXAEfS"},
  {"id": 375, "value": "AyoLDDhd"},
  {"id": 881, "value": "e1sQlHdj"},
  {"id": 155, "value": "OPIOFYi9"},
  {"id": 689, "value": "FxKb4fPl"},
  {"id": 867, "value": "Wo5pg9Mn"},
  {"id": 177, "value": "0eDD1y7d"},
  {"id": 47, "value": "B598hjhy"},
  {"id": 107, "value": "0oHt7y1G"},
  {"id": 14, "value": "UX8MyzHH"},
  {"id": 645, "value": "oDUj6tM4"},
  {"id": 159, "value": "bDXTOU9v"},
  {"id": 519, "value": "Ckb0V9qA"},
  {"id": 255, "value": "6KYb1X0V"},
  {"id": 756, "value": "zASt6pKX"},
  {"id": 560, "value": "kBerTmN7"},
  {"id": 9999, "value": "END"}
]}
