Parameter,Value
Param_1,370
Param_2,856
Param_3,612
Param_4,821
Param_5,45
Param_6,446
Param_7,815
Param_8,551
Param_9,859
Param_10,162
Param_11,3
Param_12,38
Param_13,484
Param_14,521
Param_15,996
Param_16,721
Param_17,149
Param_18,668
Param_19,12
Param_20,277
Param_21,73
Param_22,115
Param_23,494
Param_24,919
Param_25,368
Param_26,615
Param_27,931
Param_28,913
Param_29,904
Param_30,705
Param_31,402
Param_32,557
Param_33,36
Param_34,528
Param_35,927
Param_36,714
Param_37,348
Param_38,923
Param_39,821
Param_40,32
Param_41,487
Param_42,979
Param_43,491
Param_44,328
Param_45,170
Param_46,33
Param_47,805
Param_48,193
Param_49,114
Param_50,687
Param_51,943
Param_52,654
Param_53,907
Param_54,983
Param_55,456
Param_56,626
Param_57,299
Param_58,54
Param_59,856
Param_60,703
Param_61,555
Param_62,745
Param_63,542
Param_64,984
Param_65,583
Param_66,68
Param_67,799
Param_68,168
Param_69,304
Param_70,734
Param_71,177
Param_72,697
Param_73,913
Param_74,409
Param_75,120
Param_76,388
Param_77,596
Param_78,637
Param_79,453
Param_80,740
Param_81,29
Param_82,667
Param_83,456
Param_84,587
Param_85,739
Param_86,328
Param_87,772
Param_88,417
Param_89,994
Param_90,764
Param_91,349
Param_92,453
Param_93,481
Param_94,170
Param_95,362
Param_96,480
Param_97,757
Param_98,809
Param_99,704
Param_100,770
