{"data": [
  {"id": 442, "value": "iLScibkN"},
  {"id": 12, "value": "c68WKrJA"},
  {"id": 414, "value": "CZ3jYG4f"},
  {"id": 667, "value": "MtrLhzmV"},
  {"id": 73, "value": "KlROy2YY"},
  {"id": 690, "value": "muwSjaGU"},
  {"id": 850, "value": "XQSboi99"},
  {"id": 302, "value": "DREqczQf"},
  {"id": 998, "value": "s4MLEhPl"},
  {"id": 368, "value": "91pwVozf"},
  {"id": 534, "value": "TfXMsfmw"},
  {"id": 562, "value": "wybCWCFE"},
  {"id": 237, "value": "O5vobEXE"},
  {"id": 459, "value": "0gJhGcue"},
  {"id": 358, "value": "2GE5V8rB"},
  {"id": 99, "value": "YEWimoFq"},
  {"id": 856, "value": "qJYP2g8F"},
  {"id": 715, "value": "4PHIOsrq"},
  {"id": 103, "value": "kQ0w999L"},
  {"id": 968, "value": "tUiPGMYj"},
  {"id": 982, "value": "0RPxcgEb"},
  {"id": 47, "value": "PDheJ5si"},
  {"id": 83, "value": "q5GbVzO6"},
  {"id": 792, "value": "5ijtUBFu"},
  {"id": 505, "value": "3LEvnS3b"},
  {"id": 11, "value": "kttH23lu"},
  {"id": 143, "value": "Fe2Rxzlp"},
  {"id": 132, "value": "bPGXcLRZ"},
  {"id": 566, "value": "L7KrdGxQ"},
  {"id": 752, "value": "gNb8QxhG"},
  {"id": 839, "value": "oCk8L5dL"},
  {"id": 31, "value": "rVf8BEYI"},
  {"id": 23, "value": "CfNAwVxN"},
  {"id": 704, "value": "ftAtiHQ1"},
  {"id": 588, "value": "5syjxy2Q"},
  {"id": 291, "value": "9yzlWZlH"},
  {"id": 941, "value": "Pepd7SCp"},
  {"id": 578, "value": "e6vhq3gC"},
  {"id": 343, "value": "CGxhJdcM"},
  {"id": 313, "value": "dIOacbf1"},
  {"id": 797, "value": "yu1zlbQb"},
  {"id": 219, "value": "37jSG2ht"},
  {"id": 783, "value": "hCcnUJJf"},
  {"id": 805, "value": "jYbXelrY"},
  {"id": 127, "value": "k5M6igeV"},
  {"id": 654, "value": "VzMAXECL"},
  {"id": 836, "value": "YT1ZgqUv"},
  {"id": 70, "value": "4HOGKW8n"},
  {"id": 627, "value": "s8R77Wzw"},
  {"id": 979, "value": "s05sLBmk"},
  {"id": 9999, "value": "END"}
]}
