{"data": [
  {"id": 94, "value": "qtRD9cwv"},
  {"id": 638, "value": "7FdFAN87"},
  {"id": 513, "value": "AmfS1aiY"},
  {"id": 471, "value": "W0FGkULI"},
  {"id": 914, "value": "U9BtSnwR"},
  {"id": 26, "value": "RDusoksc"},
  {"id": 216, "value": "a84Go4IX"},
  {"id": 969, "value": "COezvly5"},
  {"id": 760, "value": "yAqqGTcA"},
  {"id": 687, "value": "emBgX2Sh"},
  {"id": 888, "value": "aL4UY8g5"},
  {"id": 816, "value": "Rb3WUJF1"},
  {"id": 822, "value": "kWFBIL5J"},
  {"id": 180, "value": "FbYkjWhy"},
  {"id": 345, "value": "UuaWQ0zm"},
  {"id": 650, "value": "jJmoLWVz"},
  {"id": 876, "value": "eFK0axWU"},
  {"id": 338, "value": "ljfzcyKU"},
  {"id": 425, "value": "obCa1d3l"},
  {"id": 749, "value": "D6c677nO"},
  {"id": 194, "value": "XxvipAB7"},
  {"id": 221, "value": "rwPkml94"},
  {"id": 942, "value": "P3yN6AcL"},
  {"id": 5, "value": "BWmaLdWX"},
  {"id": 857, "value": "semN7gDT"},
  {"id": 600, "value": "y7DzVCwU"},
  {"id": 19, "value": "1UNXLn9f"},
  {"id": 502, "value": "1c3ip6x7"},
  {"id": 826, "value": "dLtQRwHm"},
  {"id": 292, "value": "28om105J"},
  {"id": 932, "value": "3gVF3gxn"},
  {"id": 697, "value": "FSMWaHVo"},
  {"id": 789, "value": "Zbo6jf1D"},
  {"id": 611, "value": "HNpqJlCZ"},
  {"id": 5, "value": "uxYaHg0f"},
  {"id": 80, "value": "aEqgf9xm"},
  {"id": 645, "value": "VDXy8DK3"},
  {"id": 850, "value": "QKFnAaez"},
  {"id": 250, "value": "dAbYweBn"},
  {"id": 218, "value": "p0xtMi3P"},
  {"id": 566, "value": "Qv9ukqEs"},
  {"id": 511, "value": "UwRyX1Ue"},
  {"id": 106, "value": "8zcY4bGd"},
  {"id": 273, "value": "9w37P9yb"},
  {"id": 177, "value": "8qLggDQB"},
  {"id": 864, "value": "NgJI2Bq2"},
  {"id": 623, "value": "YqSe6ibx"},
  {"id": 310, "value": "F77iCwZi"},
  {"id": 808, "value": "4JxDgUpR"},
  {"id": 77, "value": "VCksTILC"},
  {"id": 9999, "value": "END"}
]}
