Parameter,Value
Param_1,816
Param_2,807
Param_3,766
Param_4,908
Param_5,120
Param_6,342
Param_7,723
Param_8,414
Param_9,998
Param_10,289
Param_11,619
Param_12,162
Param_13,151
Param_14,680
Param_15,910
Param_16,539
Param_17,488
Param_18,990
Param_19,816
Param_20,446
Param_21,108
Param_22,703
Param_23,473
Param_24,772
Param_25,527
Param_26,861
Param_27,400
Param_28,219
Param_29,608
Param_30,236
Param_31,804
Param_32,418
Param_33,324
Param_34,658
Param_35,27
Param_36,424
Param_37,794
Param_38,401
Param_39,64
Param_40,803
Param_41,484
Param_42,388
Param_43,335
Param_44,7
Param_45,841
Param_46,333
Param_47,960
Param_48,831
Param_49,319
Param_50,13
Param_51,250
Param_52,791
Param_53,354
Param_54,260
Param_55,432
Param_56,143
Param_57,610
Param_58,887
Param_59,54
Param_60,680
Param_61,607
Param_62,465
Param_63,969
Param_64,824
Param_65,370
Param_66,497
Param_67,711
Param_68,913
Param_69,16
Param_70,623
Param_71,202
Param_72,40
Param_73,926
Param_74,45
Param_75,235
Param_76,657
Param_77,976
Param_78,644
Param_79,318
Param_80,541
Param_81,205
Param_82,453
Param_83,435
Param_84,153
Param_85,611
Param_86,524
Param_87,104
Param_88,112
Param_89,595
Param_90,580
Param_91,22
Param_92,921
Param_93,896
Param_94,342
Param_95,165
Param_96,294
Param_97,551
Param_98,750
Param_99,128
Param_100,653
