{"data": [
  {"id": 628, "value": "o30Z2rad"},
  {"id": 60, "value": "CsKyl7e7"},
  {"id": 283, "value": "1BXqhRYL"},
  {"id": 972, "value": "VabBKdq2"},
  {"id": 107, "value": "t4g0yMH9"},
  {"id": 957, "value": "2bPpVlMU"},
  {"id": 127, "value": "erT2WIYt"},
  {"id": 109, "value": "JfjS5trO"},
  {"id": 308, "value": "18K7SZxi"},
  {"id": 220, "value": "DkkRLoC0"},
  {"id": 228, "value": "1rivs91T"},
  {"id": 958, "value": "SdO42Kf1"},
  {"id": 281, "value": "7KAWn8M1"},
  {"id": 529, "value": "vK5EeZFW"},
  {"id": 617, "value": "APyPVZN7"},
  {"id": 430, "value": "mLNNcumB"},
  {"id": 160, "value": "qrU0mEta"},
  {"id": 24, "value": "K37fdZyF"},
  {"id": 522, "value": "0SKn8PHQ"},
  {"id": 631, "value": "V6hF1NOI"},
  {"id": 851, "value": "VcHipnoL"},
  {"id": 834, "value": "FaaM96Hu"},
  {"id": 132, "value": "gT4hchjG"},
  {"id": 784, "value": "oshFr0cb"},
  {"id": 504, "value": "9hXHzhkM"},
  {"id": 720, "value": "fVgjoYkC"},
  {"id": 173, "value": "doYRv1C2"},
  {"id": 124, "value": "yyyleCqe"},
  {"id": 206, "value": "M4XxVsNr"},
  {"id": 637, "value": "BVLiKEN7"},
  {"id": 474, "value": "8FyBOVn4"},
  {"id": 443, "value": "j6P4cZg0"},
  {"id": 540, "value": "uli7oVpV"},
  {"id": 746, "value": "s7qPYJOm"},
  {"id": 267, "value": "J79C61qr"},
  {"id": 763, "value": "YJyQtdBq"},
  {"id": 952, "value": "30UOInkb"},
  {"id": 120, "value": "1e6qTwhQ"},
  {"id": 988, "value": "INkDs92z"},
  {"id": 808, "value": "fwjtVZ6h"},
  {"id": 940, "value": "foS1x7VW"},
  {"id": 807, "value": "iTLDXEK4"},
  {"id": 994, "value": "fSfQxfhe"},
  {"id": 992, "value": "jzoyuZnW"},
  {"id": 715, "value": "AO14BxMy"},
  {"id": 213, "value": "T6Ob8HBB"},
  {"id": 58, "value": "NbrlXjpx"},
  {"id": 345, "value": "nVMfMmRe"},
  {"id": 105, "value": "QngRay80"},
  {"id": 812, "value": "oOYWgrcf"},
  {"id": 9999, "value": "END"}
]}
