Parameter,Value
Param_1,660
Param_2,993
Param_3,396
Param_4,611
Param_5,300
Param_6,835
Param_7,947
Param_8,487
Param_9,67
Param_10,392
Param_11,356
Param_12,961
Param_13,714
Param_14,341
Param_15,511
Param_16,952
Param_17,641
Param_18,975
Param_19,100
Param_20,735
Param_21,278
Param_22,338
Param_23,180
Param_24,616
Param_25,984
Param_26,972
Param_27,779
Param_28,294
Param_29,759
Param_30,290
Param_31,397
Param_32,227
Param_33,317
Param_34,997
Param_35,802
Param_36,17
Param_37,606
Param_38,501
Param_39,521
Param_40,51
Param_41,408
Param_42,365
Param_43,489
Param_44,628
Param_45,336
Param_46,821
Param_47,176
Param_48,211
Param_49,765
Param_50,865
Param_51,901
Param_52,834
Param_53,464
Param_54,763
Param_55,880
Param_56,429
Param_57,301
Param_58,8
Param_59,38
Param_60,4
Param_61,753
Param_62,81
Param_63,556
Param_64,974
Param_65,488
Param_66,981
Param_67,411
Param_68,143
Param_69,651
Param_70,888
Param_71,425
Param_72,525
Param_73,918
Param_74,524
Param_75,295
Param_76,290
Param_77,412
Param_78,233
Param_79,67
Param_80,35
Param_81,432
Param_82,425
Param_83,19
Param_84,840
Param_85,351
Param_86,352
Param_87,382
Param_88,379
Param_89,881
Param_90,647
Param_91,738
Param_92,377
Param_93,544
Param_94,829
Param_95,170
Param_96,877
Param_97,126
Param_98,104
Param_99,610
Param_100,37
