{"data": [
  {"id": 788, "value": "dAhDJM9m"},
  {"id": 14, "value": "4gXJmd1r"},
  {"id": 763, "value": "Oruu5qmY"},
  {"id": 851, "value": "6GowKdK8"},
  {"id": 343, "value": "Kp3MzYYr"},
  {"id": 931, "value": "29Z1udHB"},
  {"id": 191, "value": "3P1Be85I"},
  {"id": 436, "value": "XN2NHYTQ"},
  {"id": 830, "value": "N8sqNhrD"},
  {"id": 983, "value": "GMiwLrT1"},
  {"id": 491, "value": "14wYqPBQ"},
  {"id": 844, "value": "gNp4vQ6c"},
  {"id": 975, "value": "ipLLwGMy"},
  {"id": 196, "value": "5Q0BfXTM"},
  {"id": 255, "value": "YWhYKkTn"},
  {"id": 365, "value": "vvcXauv3"},
  {"id": 27, "value": "IrebLnYu"},
  {"id": 660, "value": "cGK7Lpe4"},
  {"id": 806, "value": "9KTcU78r"},
  {"id": 513, "value": "qksWDGdK"},
  {"id": 270, "value": "HtNV3XcJ"},
  {"id": 987, "value": "spbGZWCC"},
  {"id": 760, "value": "vY1UOpHb"},
  {"id": 206, "value": "z8n9MS8w"},
  {"id": 241, "value": "0azSDI7t"},
  {"id": 388, "value": "vnvLKyzf"},
  {"id": 478, "value": "asH8NKiC"},
  {"id": 884, "value": "oPyGXYFr"},
  {"id": 479, "value": "WMyzRGgw"},
  {"id": 749, "value": "XI8yZ33T"},
  {"id": 855, "value": "Jk8bHEE5"},
  {"id": 106, "value": "p1AFswda"},
  {"id": 880, "value": "d5aGCTEK"},
  {"id": 179, "value": "ll24fBs9"},
  {"id": 587, "value": "msZ81sOj"},
  {"id": 886, "value": "IFI4UeOz"},
  {"id": 301, "value": "1HphqmkF"},
  {"id": 783, "value": "Ls1ufY28"},
  {"id": 989, "value": "ebAG3okU"},
  {"id": 723, "value": "aOTuXM2p"},
  {"id": 96, "value": "ZMrRSwlK"},
  {"id": 286, "value": "dzhueHPG"},
  {"id": 253, "value": "xz7pykQU"},
  {"id": 334, "value": "ZpGuutda"},
  {"id": 816, "value": "lI5a3g45"},
  {"id": 65, "value": "ZruSFqWK"},
  {"id": 143, "value": "XTIwPBQC"},
  {"id": 333, "value": "J0hyyvA4"},
  {"id": 688, "value": "csJjIn8I"},
  {"id": 855, "value": "UVjnAGPi"},
  {"id": 9999, "value": "END"}
]}
