{"data": [
  {"id": 925, "value": "3O8KyVNU"},
  {"id": 959, "value": "bLFU1mzv"},
  {"id": 616, "value": "7JRa4QRZ"},
  {"id": 476, "value": "TIEOdrAM"},
  {"id": 371, "value": "tr0tWe8Q"},
  {"id": 436, "value": "cezOAMHJ"},
  {"id": 600, "value": "ezrnCno9"},
  {"id": 138, "value": "YxGwGXwI"},
  {"id": 807, "value": "ycYeEyqj"},
  {"id": 704, "value": "Afucn3uB"},
  {"id": 709, "value": "EiMtD6n5"},
  {"id": 345, "value": "GPCGNjjA"},
  {"id": 759, "value": "0Fu5nfAd"},
  {"id": 622, "value": "NK4wx6ZF"},
  {"id": 590, "value": "DvSF7MUx"},
  {"id": 870, "value": "oLjFPA0h"},
  {"id": 852, "value": "gwxuqsJ6"},
  {"id": 787, "value": "1LmxpkDr"},
  {"id": 407, "value": "syWJylFt"},
  {"id": 233, "value": "mX4sOYMD"},
  {"id": 495, "value": "5sxf1wKr"},
  {"id": 715, "value": "e4wvWsVc"},
  {"id": 378, "value": "fGPvNvmR"},
  {"id": 488, "value": "xIIdldpQ"},
  {"id": 615, "value": "xsPeGYlk"},
  {"id": 117, "value": "mGydrujM"},
  {"id": 537, "value": "DzkXW0py"},
  {"id": 281, "value": "duqCoFlG"},
  {"id": 910, "value": "HUIc8ZaC"},
  {"id": 989, "value": "Ai85QB5c"},
  {"id": 245, "value": "Qx9mo1QP"},
  {"id": 356, "value": "waJ3GzZu"},
  {"id": 408, "value": "jJuA31AA"},
  {"id": 148, "value": "7zj1g5PC"},
  {"id": 236, "value": "XpiWKgmU"},
  {"id": 274, "value": "NnXNxvzH"},
  {"id": 107, "value": "xjTMgf3h"},
  {"id": 95, "value": "54XVgFzY"},
  {"id": 538, "value": "e2plHajT"},
  {"id": 231, "value": "fJeOrhat"},
  {"id": 856, "value": "23GECWqd"},
  {"id": 584, "value": "msYlrigC"},
  {"id": 401, "value": "uiK3VKT9"},
  {"id": 225, "value": "Ib7Bga05"},
  {"id": 70, "value": "jWFFsXZM"},
  {"id": 690, "value": "o83DEbNS"},
  {"id": 809, "value": "f3OjNJC9"},
  {"id": 951, "value": "mxeI9MJe"},
  {"id": 214, "value": "oOl9xnaU"},
  {"id": 571, "value": "yDkFD3sy"},
  {"id": 9999, "value": "END"}
]}
