{"data": [
  {"id": 767, "value": "XYIZkikG"},
  {"id": 68, "value": "LuIbxiLp"},
  {"id": 527, "value": "W8zLu0Pi"},
  {"id": 27, "value": "lylO3T41"},
  {"id": 313, "value": "U9OczC5t"},
  {"id": 746, "value": "MXVokwae"},
  {"id": 430, "value": "5MpmRg5s"},
  {"id": 837, "value": "2U4DLuBo"},
  {"id": 498, "value": "4HeoG7N2"},
  {"id": 45, "value": "hnkMd1Q4"},
  {"id": 144, "value": "15TWOz7z"},
  {"id": 44, "value": "IOHlESXc"},
  {"id": 798, "value": "PuT8YMFh"},
  {"id": 82, "value": "f6aMYB89"},
  {"id": 120, "value": "t9eMJzDv"},
  {"id": 233, "value": "Un9LqjId"},
  {"id": 929, "value": "vbKQocMo"},
  {"id": 981, "value": "AiuIHRNR"},
  {"id": 803, "value": "9SMsIurb"},
  {"id": 138, "value": "CmTf2pq5"},
  {"id": 965, "value": "n6p2LKCI"},
  {"id": 45, "value": "bi8D5YHw"},
  {"id": 848, "value": "9ukslcwE"},
  {"id": 469, "value": "ZhO9fSTj"},
  {"id": 253, "value": "B2BTprkn"},
  {"id": 790, "value": "sY7p6gub"},
  {"id": 795, "value": "OjTUwHTC"},
  {"id": 294, "value": "hjvTcM3i"},
  {"id": 228, "value": "0V9sOyJt"},
  {"id": 287, "value": "1dmgZ841"},
  {"id": 510, "value": "h2tcfHnF"},
  {"id": 406, "value": "DIuuPQAm"},
  {"id": 326, "value": "srBeF9YS"},
  {"id": 485, "value": "BM8Iuk0G"},
  {"id": 122, "value": "OPIQqNhN"},
  {"id": 348, "value": "fW5O6ENg"},
  {"id": 120, "value": "HSvJtAzN"},
  {"id": 885, "value": "Ue8Lswan"},
  {"id": 366, "value": "ng2BfiOd"},
  {"id": 238, "value": "wk0tIq7A"},
  {"id": 408, "value": "EgCYsk4K"},
  {"id": 499, "value": "iBxc0RAn"},
  {"id": 376, "value": "0yFD6jDH"},
  {"id": 482, "value": "nPBWVtY7"},
  {"id": 132, "value": "5NTGR3U6"},
  {"id": 872, "value": "qmKNlxcw"},
  {"id": 377, "value": "arlHkCVZ"},
  {"id": 617, "value": "nvlVvgag"},
  {"id": 139, "value": "xF6VOReV"},
  {"id": 652, "value": "SA55tnj8"},
  {"id": 9999, "value": "END"}
]}
