{"data": [
  {"id": 476, "value": "Tm6ICvmH"},
  {"id": 80, "value": "gmk0luC3"},
  {"id": 520, "value": "WdtjTWWs"},
  {"id": 243, "value": "wO48oXCB"},
  {"id": 501, "value": "GA6KO59g"},
  {"id": 985, "value": "9nmucteR"},
  {"id": 709, "value": "Z949b6WS"},
  {"id": 649, "value": "1Crr8So6"},
  {"id": 477, "value": "uUT5tGj3"},
  {"id": 246, "value": "yynC4HxG"},
  {"id": 618, "value": "AdPzcxRp"},
  {"id": 557, "value": "vGw3r6oz"},
  {"id": 521, "value": "Lj3cwPaT"},
  {"id": 247, "value": "MVi7H4Jo"},
  {"id": 929, "value": "a4njc5Mo"},
  {"id": 135, "value": "EgG2FLGk"},
  {"id": 890, "value": "J7MhoOQY"},
  {"id": 773, "value": "9C9LbxHB"},
  {"id": 167, "value": "zf9CzFm6"},
  {"id": 918, "value": "VEZgaXvD"},
  {"id": 97, "value": "9fId9DVC"},
  {"id": 100, "value": "iRAwkjqZ"},
  {"id": 324, "value": "dQ3pPVu7"},
  {"id": 106, "value": "5lW2C9EI"},
  {"id": 381, "value": "aRbGHTu1"},
  {"id": 16, "value": "gwNpS5js"},
  {"id": 326, "value": "tayXhP4A"},
  {"id": 51, "value": "OBPBZctx"},
  {"id": 687, "value": "Yi5fVvdF"},
  {"id": 673, "value": "ZwWCFS6I"},
  {"id": 243, "value": "zAgbNk9T"},
  {"id": 847, "value": "3QDPqzr1"},
  {"id": 881, "value": "H9Y1ajmR"},
  {"id": 8, "value": "S0h7W66g"},
  {"id": 895, "value": "p4ng8dBR"},
  {"id": 768, "value": "C8aKH6lO"},
  {"id": 719, "value": "17gssTtn"},
  {"id": 773, "value": "ZktLtPoL"},
  {"id": 252, "value": "bDuHn9zx"},
  {"id": 329, "value": "wClCAKZT"},
  {"id": 664, "value": "un9J6Ynu"},
  {"id": 378, "value": "5PIydvPK"},
  {"id": 308, "value": "AxvwsgDS"},
  {"id": 227, "value": "bmyRutM1"},
  {"id": 5, "value": "NAn5goHw"},
  {"id": 248, "value": "LwX85N9U"},
  {"id": 147, "value": "goOhqVcw"},
  {"id": 930, "value": "zfTdJGWe"},
  {"id": 119, "value": "BVKULO26"},
  {"id": 138, "value": "Ro8Lg0Yd"},
  {"id": 9999, "value": "END"}
]}
