{"data": [
  {"id": 534, "value": "odIt3IQ8"},
  {"id": 963, "value": "lGTshFaT"},
  {"id": 998, "value": "ZwslLDgs"},
  {"id": 129, "value": "vHrW2A4j"},
  {"id": 728, "value": "95Pf1Jmn"},
  {"id": 910, "value": "ixF8imkK"},
  {"id": 750, "value": "nwG9dJGe"},
  {"id": 69, "value": "1cw8BZFS"},
  {"id": 964, "value": "r6SuRJ8H"},
  {"id": 49, "value": "wj5AAxjX"},
  {"id": 673, "value": "ehVK0pt9"},
  {"id": 349, "value": "EMPNnjX6"},
  {"id": 482, "value": "Ubx6S0VJ"},
  {"id": 286, "value": "cHhPEAvM"},
  {"id": 320, "value": "mhAYjcu3"},
  {"id": 306, "value": "OqHTBTYG"},
  {"id": 138, "value": "3vnA3x3x"},
  {"id": 372, "value": "xR0QBiZf"},
  {"id": 598, "value": "EyeVQ5t7"},
  {"id": 260, "value": "uUhLV8Wn"},
  {"id": 350, "value": "Oq1bvwAT"},
  {"id": 733, "value": "9zAiJCMc"},
  {"id": 207, "value": "VXOq2SHg"},
  {"id": 574, "value": "znsJIvDp"},
  {"id": 696, "value": "2mbml4Jd"},
  {"id": 671, "value": "YDsoa3q1"},
  {"id": 516, "value": "ras9eTKv"},
  {"id": 846, "value": "hBFddWFf"},
  {"id": 964, "value": "Y2E4hY79"},
  {"id": 231, "value": "fgM9TaIr"},
  {"id": 986, "value": "7ZJwmqbr"},
  {"id": 351, "value": "zguSOD6U"},
  {"id": 625, "value": "K3zauwu2"},
  {"id": 823, "value": "YDyst7vS"},
  {"id": 154, "value": "dSmQV9BW"},
  {"id": 519, "value": "pWWE5uLP"},
  {"id": 902, "value": "Xk58JQ70"},
  {"id": 16, "value": "VFxAo6It"},
  {"id": 373, "value": "mJ7yLvo3"},
  {"id": 785, "value": "UzH4eCI0"},
  {"id": 145, "value": "GRYvMaC9"},
  {"id": 383, "value": "Ua9hGVK1"},
  {"id": 714, "value": "AJXH42JU"},
  {"id": 720, "value": "RYLKhCpN"},
  {"id": 769, "value": "bCuLHoT4"},
  {"id": 904, "value": "5ez8xHhb"},
  {"id": 559, "value": "rGjaGzlq"},
  {"id": 66, "value": "xNe1LXx5"},
  {"id": 272, "value": "X0ROsQ94"},
  {"id": 991, "value": "mKlsOcKF"},
  {"id": 9999, "value": "END"}
]}
