{"data": [
  {"id": 902, "value": "HTsgSF1n"},
  {"id": 387, "value": "yVfrg96r"},
  {"id": 751, "value": "94zMSp5l"},
  {"id": 107, "value": "YbrKLice"},
  {"id": 637, "value": "hwhpGWW5"},
  {"id": 648, "value": "fu3kimEt"},
  {"id": 775, "value": "pH0DDpre"},
  {"id": 667, "value": "hSe1CQx8"},
  {"id": 694, "value": "UmA99bvV"},
  {"id": 319, "value": "iRJDKpqb"},
  {"id": 381, "value": "OZ5ZQ67M"},
  {"id": 777, "value": "b5LGbbQc"},
  {"id": 971, "value": "Gh8y79Lo"},
  {"id": 708, "value": "1rGXzkHl"},
  {"id": 15, "value": "MGsk5YoD"},
  {"id": 825, "value": "oGh5rSS4"},
  {"id": 425, "value": "4zqcaETc"},
  {"id": 456, "value": "ItkbKcqC"},
  {"id": 860, "value": "So6Gsm8S"},
  {"id": 341, "value": "72RPwTih"},
  {"id": 827, "value": "iBX1tF5u"},
  {"id": 528, "value": "ojXTuYvx"},
  {"id": 386, "value": "LHtxbFmo"},
  {"id": 611, "value": "32ttPXvO"},
  {"id": 410, "value": "HM0hqr59"},
  {"id": 304, "value": "Lzwl4ANh"},
  {"id": 409, "value": "qD4oa5Jq"},
  {"id": 463, "value": "rjY2OR9H"},
  {"id": 441, "value": "k1vJ9E6N"},
  {"id": 140, "value": "KX04bJMf"},
  {"id": 814, "value": "Sc4U0Laa"},
  {"id": 947, "value": "IPffJ38E"},
  {"id": 65, "value": "pC5BIL0N"},
  {"id": 997, "value": "8BWEEgTQ"},
  {"id": 57, "value": "CHmHR0U2"},
  {"id": 270, "value": "rcMpenhr"},
  {"id": 953, "value": "oTfqwUZC"},
  {"id": 517, "value": "qCNtls6d"},
  {"id": 482, "value": "mVijuW49"},
  {"id": 288, "value": "J6OJ802o"},
  {"id": 269, "value": "23wo5jEF"},
  {"id": 127, "value": "1zVUb7Kn"},
  {"id": 59, "value": "Zk0hIbHd"},
  {"id": 687, "value": "QGVAFXa2"},
  {"id": 974, "value": "Hw0c5Ja8"},
  {"id": 875, "value": "vy3bMfmq"},
  {"id": 260, "value": "KFfaA0SC"},
  {"id": 304, "value": "1gkypolx"},
  {"id": 493, "value": "MYa9Byiu"},
  {"id": 376, "value": "ypHWk7zz"},
  {"id": 9999, "value": "END"}
]}
