{"data": [
  {"id": 627, "value": "kHCwZA9N"},
  {"id": 137, "value": "rMYxMk20"},
  {"id": 874, "value": "bFd8IDy3"},
  {"id": 618, "value": "iKyJLLft"},
  {"id": 850, "value": "FPiNAOyH"},
  {"id": 413, "value": "oHuv4PmQ"},
  {"id": 91, "value": "f6I2b2vu"},
  {"id": 809, "value": "zU5Qp0Qq"},
  {"id": 878, "value": "XS57JKJE"},
  {"id": 866, "value": "aT0FnVw5"},
  {"id": 934, "value": "KM1dnyUf"},
  {"id": 182, "value": "goY4bvVR"},
  {"id": 570, "value": "ofCDoyOb"},
  {"id": 482, "value": "PzbEjHgL"},
  {"id": 910, "value": "JFELPpAZ"},
  {"id": 126, "value": "OmYEkDDb"},
  {"id": 257, "value": "neYTj0JD"},
  {"id": 191, "value": "rtUEUUdp"},
  {"id": 179, "value": "jtIXwcVc"},
  {"id": 718, "value": "JyILcOXb"},
  {"id": 587, "value": "0ltDjH5m"},
  {"id": 399, "value": "eNfkwbXj"},
  {"id": 195, "value": "cP7w6erj"},
  {"id": 915, "value": "zfxl6CIg"},
  {"id": 50, "value": "MPGbgJdn"},
  {"id": 750, "value": "tNQPrYNB"},
  {"id": 436, "value": "Twx2amLn"},
  {"id": 688, "value": "sskbM8Pu"},
  {"id": 208, "value": "D6LCZ305"},
  {"id": 446, "value": "8hwmhgJJ"},
  {"id": 889, "value": "PbFlQrsN"},
  {"id": 432, "value": "Oc5qN77S"},
  {"id": 853, "value": "0sywumEX"},
  {"id": 831, "value": "oQ3iztS5"},
  {"id": 590, "value": "wm98Uzfl"},
  {"id": 394, "value": "7aOlZawR"},
  {"id": 851, "value": "sv2QgI86"},
  {"id": 696, "value": "GNtX0SHP"},
  {"id": 723, "value": "1ciQzYrP"},
  {"id": 911, "value": "vWR2DFUZ"},
  {"id": 787, "value": "xsl6euvT"},
  {"id": 657, "value": "u1uuglBW"},
  {"id": 756, "value": "lTwF2RXO"},
  {"id": 357, "value": "qnHEi7D1"},
  {"id": 914, "value": "EIPUFNbl"},
  {"id": 280, "value": "dhqdPnWq"},
  {"id": 47, "value": "oROiNqtu"},
  {"id": 925, "value": "6pQMwDZf"},
  {"id": 244, "value": "MhiU093D"},
  {"id": 582, "value": "NYV97o57"},
  {"id": 9999, "value": "END"}
]}
