{"data": [
  {"id": 13, "value": "yVKdA97K"},
  {"id": 662, "value": "nbb5e8vd"},
  {"id": 621, "value": "fvGKm4Q4"},
  {"id": 457, "value": "EOLa3hXa"},
  {"id": 708, "value": "B7xruwb9"},
  {"id": 785, "value": "SGXqdR1g"},
  {"id": 144, "value": "0QENSbf7"},
  {"id": 144, "value": "yX7fQx27"},
  {"id": 47, "value": "1ATWGOsl"},
  {"id": 276, "value": "dB46duMK"},
  {"id": 41, "value": "bRmI3TEI"},
  {"id": 109, "value": "zaFTuIOG"},
  {"id": 861, "value": "gH6FGLSU"},
  {"id": 992, "value": "lln8JQpw"},
  {"id": 429, "value": "6IZ3cidQ"},
  {"id": 442, "value": "emOZRGOY"},
  {"id": 570, "value": "4rFC8jpX"},
  {"id": 984, "value": "7fl1fvOf"},
  {"id": 682, "value": "kVVRGqRj"},
  {"id": 547, "value": "VujfeJaA"},
  {"id": 172, "value": "3nVs5ng4"},
  {"id": 930, "value": "IxAQqc7r"},
  {"id": 281, "value": "0grJVQVV"},
  {"id": 502, "value": "d42NWLP8"},
  {"id": 43, "value": "xF9CWduL"},
  {"id": 416, "value": "BCi6fGY9"},
  {"id": 369, "value": "mSePhIuc"},
  {"id": 179, "value": "zUZN5q9r"},
  {"id": 365, "value": "qyoT8Ijs"},
  {"id": 79, "value": "JvFIyQOS"},
  {"id": 57, "value": "PTHsAuTi"},
  {"id": 233, "value": "M7Rx0vNV"},
  {"id": 630, "value": "7Nhu0wVu"},
  {"id": 179, "value": "CwJorcCf"},
  {"id": 254, "value": "gqupDL0R"},
  {"id": 664, "value": "bQ4ur1Wz"},
  {"id": 161, "value": "lg6I5W9F"},
  {"id": 970, "value": "HvdECM3j"},
  {"id": 152, "value": "LwB2nWhr"},
  {"id": 590, "value": "wsrWV4oH"},
  {"id": 954, "value": "Ufj1UCWj"},
  {"id": 680, "value": "MDbk06fR"},
  {"id": 642, "value": "SFcYtoRd"},
  {"id": 943, "value": "i0xWGHfX"},
  {"id": 10, "value": "IQNMkDxm"},
  {"id": 792, "value": "nAvmLGbz"},
  {"id": 582, "value": "oMk4mBpq"},
  {"id": 800, "value": "4gXwzDDD"},
  {"id": 482, "value": "RObj2gwk"},
  {"id": 919, "value": "FAn4pqNJ"},
  {"id": 9999, "value": "END"}
]}
