{"data": [
  {"id": 56, "value": "361Z2Pt1"},
  {"id": 817, "value": "z135eMOo"},
  {"id": 807, "value": "Dubi3Agn"},
  {"id": 179, "value": "6wdLWo6x"},
  {"id": 905, "value": "pXmwhYpd"},
  {"id": 835, "value": "8PXVeLsP"},
  {"id": 264, "value": "12ckAQDB"},
  {"id": 568, "value": "W6OkwINO"},
  {"id": 208, "value": "cmCJT8kn"},
  {"id": 388, "value": "45TdIz3a"},
  {"id": 112, "value": "OIHmtrF9"},
  {"id": 659, "value": "cp2Ht2H7"},
  {"id": 907, "value": "Nm8CfcqK"},
  {"id": 371, "value": "WXhx8HlF"},
  {"id": 886, "value": "XrSxfD89"},
  {"id": 216, "value": "56Irih0C"},
  {"id": 490, "value": "52UvoACI"},
  {"id": 596, "value": "eYSdNjbf"},
  {"id": 655, "value": "Syhs1fuA"},
  {"id": 189, "value": "SoGjudqo"},
  {"id": 285, "value": "AvvQl1ni"},
  {"id": 302, "value": "7snsQ8A8"},
  {"id": 737, "value": "Yfy3i6XN"},
  {"id": 555, "value": "lzZlGiIV"},
  {"id": 401, "value": "pirNwB2k"},
  {"id": 800, "value": "iRbaKxht"},
  {"id": 380, "value": "mfM08Z1I"},
  {"id": 23, "value": "GRmdu7qk"},
  {"id": 142, "value": "JqAStxso"},
  {"id": 846, "value": "0lIvM7Gs"},
  {"id": 639, "value": "zqbWwzuV"},
  {"id": 326, "value": "hOzGaOAX"},
  {"id": 300, "value": "Ldsiv7kR"},
  {"id": 704, "value": "vNI6WprJ"},
  {"id": 308, "value": "a0D92Ej8"},
  {"id": 12, "value": "qUld4WaF"},
  {"id": 866, "value": "nmMOaZKn"},
  {"id": 97, "value": "AMIr5EkN"},
  {"id": 780, "value": "8sdSzaJt"},
  {"id": 467, "value": "9ejqQZYn"},
  {"id": 130, "value": "qTvr5Hit"},
  {"id": 995, "value": "035kcKX9"},
  {"id": 313, "value": "nAQtWqdB"},
  {"id": 172, "value": "0egKQhJe"},
  {"id": 893, "value": "uv6O3Ezk"},
  {"id": 541, "value": "s3JwQhRd"},
  {"id": 693, "value": "sjsWf1DU"},
  {"id": 586, "value": "sT3oqOQT"},
  {"id": 106, "value": "XL60tCGJ"},
  {"id": 369, "value": "5smPBJ07"},
  {"id": 9999, "value": "END"}
]}
