Parameter,Value
Param_1,745
Param_2,633
Param_3,777
Param_4,619
Param_5,752
Param_6,900
Param_7,544
Param_8,837
Param_9,145
Param_10,327
Param_11,744
Param_12,579
Param_13,714
Param_14,960
Param_15,957
Param_16,164
Param_17,865
Param_18,581
Param_19,567
Param_20,451
Param_21,755
Param_22,131
Param_23,576
Param_24,980
Param_25,198
Param_26,16
Param_27,541
Param_28,139
Param_29,608
Param_30,784
Param_31,56
Param_32,524
Param_33,582
Param_34,382
Param_35,472
Param_36,217
Param_37,611
Param_38,975
Param_39,667
Param_40,218
Param_41,510
Param_42,85
Param_43,836
Param_44,746
Param_45,445
Param_46,254
Param_47,12
Param_48,641
Param_49,348
Param_50,597
Param_51,613
Param_52,255
Param_53,61
Param_54,281
Param_55,948
Param_56,55
Param_57,809
Param_58,575
Param_59,190
Param_60,902
Param_61,875
Param_62,537
Param_63,809
Param_64,697
Param_65,205
Param_66,772
Param_67,522
Param_68,488
Param_69,582
Param_70,371
Param_71,700
Param_72,948
Param_73,614
Param_74,791
Param_75,554
Param_76,85
Param_77,436
Param_78,522
Param_79,357
Param_80,296
Param_81,279
Param_82,39
Param_83,651
Param_84,522
Param_85,984
Param_86,7
Param_87,793
Param_88,133
Param_89,253
Param_90,226
Param_91,987
Param_92,938
Param_93,260
Param_94,618
Param_95,484
Param_96,212
Param_97,276
Param_98,815
Param_99,963
Param_100,822
