{"data": [
  {"id": 508, "value": "QDoMnyDp"},
  {"id": 214, "value": "46bphvnP"},
  {"id": 549, "value": "HwIb7vr3"},
  {"id": 574, "value": "bJvNLAqt"},
  {"id": 79, "value": "DNVbHWY0"},
  {"id": 834, "value": "I02msHKm"},
  {"id": 565, "value": "1NVWdbJU"},
  {"id": 200, "value": "jGDEQ6cO"},
  {"id": 962, "value": "3iJcDJvp"},
  {"id": 42, "value": "tzTpoJnH"},
  {"id": 952, "value": "icK0ZEvU"},
  {"id": 351, "value": "OBPT98sv"},
  {"id": 921, "value": "cH1Q03CD"},
  {"id": 165, "value": "dEuAT4e0"},
  {"id": 904, "value": "7QBnw40t"},
  {"id": 120, "value": "Udl3SyHN"},
  {"id": 357, "value": "kuU730i6"},
  {"id": 626, "value": "BHTYYdnX"},
  {"id": 751, "value": "WzYGvN3g"},
  {"id": 368, "value": "nsJT41K4"},
  {"id": 913, "value": "KVTey80P"},
  {"id": 787, "value": "IhtAPipW"},
  {"id": 390, "value": "mQQIuBGv"},
  {"id": 642, "value": "QfmmypXn"},
  {"id": 248, "value": "bheoCOqF"},
  {"id": 553, "value": "oju8hErA"},
  {"id": 183, "value": "hUGNIsTN"},
  {"id": 79, "value": "VVeuko37"},
  {"id": 977, "value": "hH6psz16"},
  {"id": 866, "value": "JVxw3hKN"},
  {"id": 183, "value": "03skMIpW"},
  {"id": 894, "value": "q4s0gRmD"},
  {"id": 911, "value": "eRsrH9lM"},
  {"id": 866, "value": "RLfCWant"},
  {"id": 758, "value": "wSLj0sKv"},
  {"id": 985, "value": "K1cY37ll"},
  {"id": 105, "value": "bXC6LbAp"},
  {"id": 641, "value": "LylfAdbX"},
  {"id": 19, "value": "2pnAIeq8"},
  {"id": 484, "value": "b3i2R4Li"},
  {"id": 773, "value": "uhvZ3pop"},
  {"id": 937, "value": "rM8pvWwS"},
  {"id": 814, "value": "ZqeTY5dH"},
  {"id": 759, "value": "NbL55RqX"},
  {"id": 772, "value": "PDFLscIn"},
  {"id": 720, "value": "rugt9UHa"},
  {"id": 704, "value": "tSgy6QAx"},
  {"id": 136, "value": "ABJuQReE"},
  {"id": 29, "value": "XNeU0MK9"},
  {"id": 101, "value": "0ld9kh4j"},
  {"id": 9999, "value": "END"}
]}
