Parameter,Value
Param_1,477
Param_2,956
Param_3,284
Param_4,764
Param_5,313
Param_6,938
Param_7,147
Param_8,844
Param_9,492
Param_10,637
Param_11,930
Param_12,442
Param_13,171
Param_14,825
Param_15,711
Param_16,32
Param_17,655
Param_18,897
Param_19,882
Param_20,530
Param_21,3
Param_22,735
Param_23,996
Param_24,430
Param_25,612
Param_26,846
Param_27,592
Param_28,37
Param_29,832
Param_30,932
Param_31,462
Param_32,792
Param_33,177
Param_34,120
Param_35,946
Param_36,56
Param_37,772
Param_38,470
Param_39,980
Param_40,548
Param_41,281
Param_42,427
Param_43,511
Param_44,800
Param_45,472
Param_46,540
Param_47,403
Param_48,825
Param_49,872
Param_50,992
Param_51,522
Param_52,196
Param_53,779
Param_54,840
Param_55,732
Param_56,382
Param_57,620
Param_58,685
Param_59,898
Param_60,319
Param_61,550
Param_62,137
Param_63,454
Param_64,773
Param_65,87
Param_66,993
Param_67,225
Param_68,609
Param_69,40
Param_70,289
Param_71,866
Param_72,751
Param_73,259
Param_74,908
Param_75,67
Param_76,126
Param_77,314
Param_78,759
Param_79,103
Param_80,770
Param_81,426
Param_82,401
Param_83,637
Param_84,964
Param_85,68
Param_86,932
Param_87,842
Param_88,663
Param_89,470
Param_90,575
Param_91,436
Param_92,586
Param_93,471
Param_94,994
Param_95,421
Param_96,815
Param_97,562
Param_98,481
Param_99,530
Param_100,897
