{"data": [
  {"id": 413, "value": "whkd4K7T"},
  {"id": 461, "value": "ldLn7qgj"},
  {"id": 674, "value": "iPQocsf0"},
  {"id": 283, "value": "xwqy5lXN"},
  {"id": 241, "value": "Bi5QeE6V"},
  {"id": 813, "value": "U3OTK2Un"},
  {"id": 296, "value": "jfLF14LM"},
  {"id": 551, "value": "YilsKudZ"},
  {"id": 805, "value": "je3aA7dk"},
  {"id": 302, "value": "UmKCUy9f"},
  {"id": 353, "value": "uhGHZx3I"},
  {"id": 243, "value": "8vKrLyYO"},
  {"id": 66, "value": "vMkuP1Jk"},
  {"id": 383, "value": "9Aa9Acau"},
  {"id": 417, "value": "90hIbFT7"},
  {"id": 522, "value": "WajoCf2c"},
  {"id": 683, "value": "2kfn130V"},
  {"id": 364, "value": "EhyLVYa1"},
  {"id": 185, "value": "EzgePB3Y"},
  {"id": 185, "value": "T92Yo8k0"},
  {"id": 172, "value": "mAHvo8xU"},
  {"id": 10, "value": "pOzJmQTa"},
  {"id": 476, "value": "q7BtZMx4"},
  {"id": 518, "value": "0ogforVo"},
  {"id": 807, "value": "fEbnDqvM"},
  {"id": 175, "value": "dnT7qLCE"},
  {"id": 748, "value": "dWmJRQ2f"},
  {"id": 153, "value": "H50ceS0R"},
  {"id": 377, "value": "AZC6X7UB"},
  {"id": 825, "value": "IxxzQte3"},
  {"id": 420, "value": "vDJeIbz4"},
  {"id": 532, "value": "ddO1hnpA"},
  {"id": 991, "value": "ZNJzQWi1"},
  {"id": 361, "value": "n00XCwYB"},
  {"id": 800, "value": "kNf2ut2k"},
  {"id": 283, "value": "byg1hX5N"},
  {"id": 913, "value": "jkox0rDu"},
  {"id": 501, "value": "stSbMpwb"},
  {"id": 94, "value": "0HvzAHNh"},
  {"id": 479, "value": "sPn3LfYP"},
  {"id": 956, "value": "kgoIuoea"},
  {"id": 518, "value": "3wZOgCuh"},
  {"id": 352, "value": "F7Cw0T7i"},
  {"id": 596, "value": "Z7EOKdJy"},
  {"id": 257, "value": "7RPDo60D"},
  {"id": 18, "value": "ayXMRxM9"},
  {"id": 16, "value": "WIC12XwU"},
  {"id": 234, "value": "rtCVPB8i"},
  {"id": 705, "value": "jAHW4h9D"},
  {"id": 768, "value": "3mZcWvit"},
  {"id": 9999, "value": "END"}
]}
