Parameter,Value
Param_1,140
Param_2,4
Param_3,99
Param_4,789
Param_5,689
Param_6,313
Param_7,311
Param_8,28
Param_9,125
Param_10,72
Param_11,608
Param_12,111
Param_13,966
Param_14,993
Param_15,247
Param_16,300
Param_17,986
Param_18,540
Param_19,221
Param_20,933
Param_21,98
Param_22,339
Param_23,726
Param_24,172
Param_25,508
Param_26,517
Param_27,412
Param_28,821
Param_29,450
Param_30,254
Param_31,68
Param_32,388
Param_33,762
Param_34,246
Param_35,582
Param_36,421
Param_37,205
Param_38,805
Param_39,261
Param_40,611
Param_41,888
Param_42,663
Param_43,915
Param_44,182
Param_45,295
Param_46,993
Param_47,830
Param_48,732
Param_49,275
Param_50,159
Param_51,863
Param_52,132
Param_53,461
Param_54,174
Param_55,314
Param_56,57
Param_57,307
Param_58,725
Param_59,163
Param_60,290
Param_61,246
Param_62,60
Param_63,123
Param_64,295
Param_65,9
Param_66,78
Param_67,921
Param_68,543
Param_69,504
Param_70,715
Param_71,971
Param_72,621
Param_73,567
Param_74,319
Param_75,150
Param_76,871
Param_77,206
Param_78,220
Param_79,80
Param_80,766
Param_81,679
Param_82,336
Param_83,391
Param_84,546
Param_85,516
Param_86,704
Param_87,678
Param_88,785
Param_89,34
Param_90,658
Param_91,662
Param_92,988
Param_93,783
Param_94,701
Param_95,719
Param_96,406
Param_97,152
Param_98,494
Param_99,679
Param_100,244
