{"data": [
  {"id": 90, "value": "pgW3mOq2"},
  {"id": 179, "value": "NixbTXSS"},
  {"id": 102, "value": "4S2AiL0V"},
  {"id": 48, "value": "8CWD4S42"},
  {"id": 531, "value": "g2U6LDh4"},
  {"id": 905, "value": "G81pU5r7"},
  {"id": 449, "value": "hwr6wQ0U"},
  {"id": 269, "value": "5GDTrfoG"},
  {"id": 330, "value": "6x5swsFE"},
  {"id": 937, "value": "82yxpDnQ"},
  {"id": 138, "value": "jzraE410"},
  {"id": 216, "value": "fqwEAulE"},
  {"id": 338, "value": "Q29UgtiE"},
  {"id": 186, "value": "AwH8WlDh"},
  {"id": 60, "value": "TrgR46wt"},
  {"id": 463, "value": "QNaYEoX9"},
  {"id": 445, "value": "K8xWDhHH"},
  {"id": 295, "value": "xmBCarhd"},
  {"id": 176, "value": "cGlBc8v9"},
  {"id": 156, "value": "wTZw1O5n"},
  {"id": 619, "value": "hdFhpPni"},
  {"id": 312, "value": "cKtnSD76"},
  {"id": 104, "value": "1iWp8mx8"},
  {"id": 173, "value": "4lQCvTPq"},
  {"id": 388, "value": "iHu7k78F"},
  {"id": 2, "value": "52fUYWJ8"},
  {"id": 364, "value": "SWpy9Jua"},
  {"id": 209, "value": "zwLY1J9h"},
  {"id": 140, "value": "2TtwFvvA"},
  {"id": 993, "value": "DOOLKzek"},
  {"id": 378, "value": "kc6mLUUT"},
  {"id": 123, "value": "GEAI1vBf"},
  {"id": 609, "value": "ZIv29GY5"},
  {"id": 483, "value": "omBqPIdW"},
  {"id": 642, "value": "AHGGuLix"},
  {"id": 759, "value": "7MKH3DS4"},
  {"id": 935, "value": "20isAB2t"},
  {"id": 474, "value": "daC9uwiR"},
  {"id": 127, "value": "6ogh3tDV"},
  {"id": 310, "value": "L8nCxYjs"},
  {"id": 27, "value": "JgimIHsz"},
  {"id": 907, "value": "iP4f6LyE"},
  {"id": 624, "value": "ACXh5biB"},
  {"id": 898, "value": "1x4skYp5"},
  {"id": 735, "value": "Ik5ZmW3G"},
  {"id": 435, "value": "XaZdtUdD"},
  {"id": 204, "value": "wWenT98k"},
  {"id": 66, "value": "xDiesTGR"},
  {"id": 182, "value": "iYxWLdyk"},
  {"id": 42, "value": "RbtqGA04"},
  {"id": 9999, "value": "END"}
]}
