Parameter,Value
Param_1,337
Param_2,572
Param_3,358
Param_4,835
Param_5,149
Param_6,950
Param_7,57
Param_8,316
Param_9,805
Param_10,403
Param_11,610
Param_12,30
Param_13,567
Param_14,911
Param_15,728
Param_16,994
Param_17,987
Param_18,431
Param_19,406
Param_20,236
Param_21,534
Param_22,215
Param_23,454
Param_24,591
Param_25,372
Param_26,115
Param_27,747
Param_28,852
Param_29,542
Param_30,493
Param_31,459
Param_32,97
Param_33,598
Param_34,616
Param_35,972
Param_36,965
Param_37,444
Param_38,620
Param_39,397
Param_40,109
Param_41,950
Param_42,584
Param_43,520
Param_44,990
Param_45,544
Param_46,92
Param_47,684
Param_48,674
Param_49,727
Param_50,979
Param_51,718
Param_52,426
Param_53,500
Param_54,997
Param_55,422
Param_56,262
Param_57,579
Param_58,916
Param_59,724
Param_60,601
Param_61,673
Param_62,391
Param_63,517
Param_64,464
Param_65,348
Param_66,196
Param_67,233
Param_68,525
Param_69,25
Param_70,403
Param_71,629
Param_72,918
Param_73,19
Param_74,868
Param_75,649
Param_76,820
Param_77,430
Param_78,450
Param_79,12
Param_80,34
Param_81,607
Param_82,489
Param_83,405
Param_84,832
Param_85,577
Param_86,598
Param_87,612
Param_88,579
Param_89,939
Param_90,632
Param_91,897
Param_92,916
Param_93,766
Param_94,372
Param_95,288
Param_96,680
Param_97,484
Param_98,53
Param_99,248
Param_100,32
